iso3,country_name,region,income_level,gdp,population,task_count,mean_task_exposure,substitution_share,augmentation_share,sub_only_share,both_share,aug_only_share,neither_share,share_exposed,share_high_exposure,task_exposure_sd,substitution_minus_augmentation,llm_dominant_share,robotics_physical_dominant_share,software_rules_dominant_share,domain_tools_dominant_share,turnkey_share,configure_and_train_share,integration_and_data_share,capex_and_governance_share,goods_projected_trade_value_usd,goods_trade_automation_intensity,goods_trade_value_usd_exposed,goods_autonomous_execution_trade_share,goods_human_uses_tool_trade_share,goods_supervised_machine_trade_share,unclear_or_context_dependent_x,goods_total_trade_value_usd,services_projected_trade_value_usd,services_trade_automation_intensity,services_human_uses_tool_trade_share,unclear_or_context_dependent_y,services_total_trade_value_usd,goods_trade_value_per_capita_exposed,goods_trade_openness,services_trade_openness,gdp_per_capita,log_gdp_per_capita,log_population,manufacturing_value_added_pct_gdp,manufacturing_value_added_pct_gdp_source_year,trade_pct_gdp,trade_pct_gdp_source_year,internet_users_pct,internet_users_pct_source_year,fixed_broadband_per_100,fixed_broadband_per_100_source_year
IND,India,South Asia,Lower middle income,3909891533858.08,1450935791.0,18797,1.380752247699101,0.18220992711602915,0.03995318401872639,0.18220992711602915,0.2789274884290046,0.03995318401872639,0.4989094004362398,0.5008245996701601,0.10778315688673724,0.952395561235063,0.14225674309730277,0.0,0.0,0.0,0.0,0.0,0.0,0.0,0.0,628552640272.0,1.3974982578736452,269737920796.0,0.00039924978581174056,0.9216162061578811,0.005446234944647793,0.07253830911165941,466750938085.0,,,,,,185.90617342900737,0.119376953054356,,2694.737808599609,7.899056190521105,21.095474558318678,12.6085653310554,2024.0,44.6492935069676,2024.0,55.9,2022.0,2.74535,2023
CHN,China,East Asia & Pacific,Upper middle income,18743803170827.2,1408975000.0,18796,1.6513087891040648,0.26021493934879764,0.0483081506703554,0.26021493934879764,0.3077250478825282,0.0483081506703554,0.3837518620983188,0.6160885294743562,0.19876569482868695,0.9755654311194061,0.21190678867844223,0.0,0.0,0.0,0.0,0.0,0.0,0.0,0.0,10355952874263.0,2.021255115317881,7215399581244.0,0.00031056813468059437,0.9251079529414916,0.003368315527843926,0.07121316339598388,3442811217180.0,,,,,,5121.027400233503,0.18367730314936198,,13303.148154386841,9.495755989537386,21.066128326625346,24.8692407436614,2024.0,37.1984201388065,2024.0,92.0,2024.0,44.7289,2023
USA,United States,North America,High income,28750956130731.2,340110988.0,18797,1.6021173591530564,0.224982710006916,0.052135979145608344,0.224982710006916,0.30547427781028885,0.052135979145608344,0.4174070330371868,0.5820609671756132,0.1781135287545885,0.9549415563389592,0.17284673086130764,0.0,0.0,0.0,0.0,0.0,0.0,0.0,0.0,4689415173250.0,1.7422036650655177,2753352371776.0,0.00045233666153084623,0.9126922601908908,0.006520780552430264,0.08033462259514815,1924935989604.0,1437122214000000.0,1.8784784270268053,0.5132217545484664,0.4867782454515336,6118317000000.0,8095.452569665288,0.0669520686842996,0.2128039489253813,84534.04078415484,11.34490958173981,19.64478255760019,10.7103708073141,2021.0,25.3786342507088,2024.0,93.1444,2023.0,38.1475,2023
IDN,Indonesia,East Asia & Pacific,Upper middle income,1396300098190.97,283487931.0,18795,1.3105081138600692,0.17110933758978453,0.034636871508379886,0.17110933758978453,0.26762436818302743,0.034636871508379886,0.5266294227188082,0.47315775472200056,0.08762968874700719,0.9433508688706567,0.13647246608140465,0.0,0.0,0.0,0.0,0.0,0.0,0.0,0.0,196564705620.0,1.4559049661399737,93802114152.0,0.0005004837297199417,0.9101373517474302,0.0016055134109889244,0.08775665111186098,293706185119.0,,,,,,330.88574113583695,0.2103460319880535,,4925.430487518603,8.502166958419496,19.462680108797322,18.9840269851832,2024.0,42.572647301834,2024.0,72.7808,2024.0,4.81664,2023
PAK,Pakistan,South Asia,Lower middle income,371570000121.266,251269164.0,18797,1.086556365377454,0.13417034633186148,0.02505718997712401,0.13417034633186148,0.22343991062403576,0.02505718997712401,0.6173325530669788,0.38266744693302124,0.04154918338032665,0.9151411135024695,0.10911315635473746,0.0,0.0,0.0,0.0,0.0,0.0,0.0,0.0,8471348616.0,0.9847538477219481,1095199708.0,5.434400363721261e-05,0.9181524762550275,0.0030583288652608082,0.07873485087607449,36650765814.0,,,,,,4.358671356903946,0.0986375805421283,,1478.7727797799573,7.298967819927931,19.342035289055662,13.1538180941054,2024.0,27.5784683520695,2024.0,27.3759,2023.0,1.35622,2023
NGA,Nigeria,Sub-Saharan Africa,Lower middle income,252261880141.151,232679478.0,18797,0.963026014789594,0.11650795339681864,0.01931159227536309,0.11650795339681864,0.1968931212427515,0.01931159227536309,0.6672873330850667,0.33271266691493323,0.028461988615204555,0.9027071495888084,0.09719636112145555,0.0,0.0,0.0,0.0,0.0,0.0,0.0,0.0,3344795587.0,1.1878637521055782,1268382440.0,0.00014610130493454277,0.9401174685297742,0.0011850532855896166,0.058551376879701675,62817452147.0,,,,,,5.451200298807615,0.24901682375415193,,1084.1604180543632,6.988561158185597,19.265172433579874,8.65727818020008,2024.0,,,39.2136,2023.0,0.0512838,2023
BRA,Brazil,Latin America & Caribbean,Upper middle income,2185821648943.86,211998573.0,18791,1.469533287211963,0.20334202543770954,0.04331860997285935,0.20334202543770954,0.28907455696876166,0.04331860997285935,0.46426480762066946,0.5355223245170561,0.1321377255068916,0.953729917770038,0.1600234154648502,0.0,0.0,0.0,0.0,0.0,0.0,0.0,0.0,251152144059.0,1.5878726383292014,130810414743.0,0.0008233671138854436,0.909746293686129,0.0035230224345293333,0.0859073167654562,350931653774.0,,,,,,617.0344115618175,0.16054907953883715,,10310.54887781655,9.24092281301553,19.172090101481558,12.1108065155746,2024.0,35.5845239385389,2024.0,84.4635,2024.0,22.4192,2023
BGD,Bangladesh,South Asia,Lower middle income,450119432068.852,173562364.0,18797,0.9677608128956748,0.11831675267329893,0.017981592807362876,0.11831675267329893,0.1968399212640315,0.017981592807362876,0.6668617332553067,0.33308506676597327,0.02537638984944406,0.8937983636418788,0.10033515986593605,0.0,0.0,0.0,0.0,0.0,0.0,0.0,0.0,2508443386.0,0.7567676976864408,406366874.0,2.2604456738574366e-05,0.924276168216459,0.0015720825201832958,0.07412914480661913,57501111153.0,,,,,,2.341330600912995,0.12774634254004927,,2593.416116807743,7.860731249643073,18.972047539451584,21.8929603584194,2024.0,26.7780758040478,2024.0,44.5027,2023.0,7.89246,2023
RUS,Russian Federation,Europe & Central Asia,High income,2173835806671.66,143533851.0,18794,1.474140683196765,0.21395126104075768,0.0398531446206236,0.21395126104075768,0.286793657550282,0.0398531446206236,0.4594019367883367,0.5404916462700862,0.13541555815685857,0.9610907628879527,0.17409811642013406,0.0,0.0,0.0,0.0,0.0,0.0,0.0,0.0,70302194867.0,1.6482960613850446,38712545317.0,0.0005572080085708372,0.9057499632189968,0.0023066774559000343,0.09138615131653227,405893458544.0,,,,,,269.71021154445305,0.1867176248078551,,15145.108917001467,9.62543291504997,18.782081460815373,13.2536575793102,2024.0,39.5081647660396,2024.0,94.365,2024.0,25.8239,2023
ETH,Ethiopia,Sub-Saharan Africa,Not classified,149740297952.986,132059767.0,18797,0.7179869128052349,0.0868755652497739,0.009682396127041549,0.0868755652497739,0.12427515028993988,0.009682396127041549,0.7791668883332447,0.22083311166675534,0.00930999627600149,0.825462242796822,0.07719316912273234,0.0,0.0,0.0,0.0,0.0,0.0,0.0,0.0,1409113662.0,0.7149744865648744,173651937.0,9.63655407380473e-06,0.8508755250433446,0.0018096616822099905,0.1473051767203716,3935952728.0,,,,,,1.3149495939970877,0.02628519364396999,,1133.8827968171865,7.033403125169596,18.698765158379604,4.39391406328772,2024.0,17.4004358583187,2024.0,16.6981,2021.0,0.451577,2022
MEX,Mexico,Latin America & Caribbean,Upper middle income,1856365616165.94,130861007.0,18796,1.416631198127261,0.19184932964460524,0.03926367312194084,0.19184932964460524,0.2847946371568419,0.03926367312194084,0.48409236007661205,0.5158012343051713,0.11529048733773144,0.9500271914956172,0.1525856565226644,0.0,0.0,0.0,0.0,0.0,0.0,0.0,0.0,2164055740097.0,1.5766274879172322,1062404960173.0,0.0007638104538499135,0.9178153133878945,0.0018217637202927542,0.07959911243796285,620675684514.0,,,,,,8118.575460549528,0.3343499142135145,,14185.78122485287,9.559995419737916,18.689646302623085,19.8017537671375,2024.0,74.5889079825143,2024.0,81.1832,2023.0,20.0882,2023
JPN,Japan,East Asia & Pacific,High income,4027597523550.58,123975371.0,18796,1.5974143434773356,0.22196211959991488,0.05304320068099596,0.22196211959991488,0.32033411364120024,0.05304320068099596,0.4046605660778889,0.5949670142583529,0.16141732283464566,0.9387678512739435,0.16891891891891891,0.0,0.0,0.0,0.0,0.0,0.0,0.0,0.0,2520868467252.0,1.9096045808092452,1726218348317.0,0.0013019574843497405,0.8916772631867339,0.01657613723160702,0.09044464209730937,751940636391.0,119582345000000.0,1.8958118190440236,0.5103233622406166,0.4896766377593834,748894000000.0,13923.88128700982,0.1866970649361501,0.18594062480697002,32487.077804756722,10.388597683244116,18.635593482873812,20.5810487191941,2023.0,46.4069516150859,2024.0,86.9815,2023.0,38.6312,2023
EGY,"Egypt, Arab Rep.",Middle East & North Africa,Lower middle income,389059911003.566,116538258.0,18797,1.2836622865350853,0.16704793318082672,0.03596318561472575,0.16704793318082672,0.2604670958131617,0.03596318561472575,0.5365217853912858,0.46331861467255414,0.07841676863329254,0.9360436552537922,0.13108474756610097,0.0,0.0,0.0,0.0,0.0,0.0,0.0,0.0,27710736520.0,1.1389527752977964,7998207630.0,4.25464331902211e-05,0.916132893930024,0.0015983092678909423,0.08222625036889493,52092214007.0,,,,,,68.63160448133694,0.13389252537643886,,3338.473713958947,8.113269009658703,18.57373017191003,13.8934615296088,2024.0,39.6007520873733,2024.0,72.6899,2023.0,10.8645,2023
PHL,Philippines,East Asia & Pacific,Lower middle income,461617509782.355,115843670.0,18797,1.3103686758525297,0.16635633345746662,0.03457998616800553,0.16635633345746662,0.268659892536043,0.03457998616800553,0.5304037878384849,0.4694898122040751,0.08863116454753418,0.9417042485808931,0.13177634728946108,0.0,0.0,0.0,0.0,0.0,0.0,0.0,0.0,450486651378.0,1.4094407133081317,188635081367.0,5.420430977323404e-05,0.785779071750953,0.0007345384729776253,0.21343218546629616,101143922144.0,,,,,,1628.3589890323744,0.2191076378183481,,3984.8315387656053,8.29025031649527,18.56775216772966,15.6771530992166,2024.0,65.8854725286968,2024.0,83.7661,2023.0,6.53931,2023
COD,"Congo, Dem. Rep.",Sub-Saharan Africa,Low income,70962185790.7094,109276265.0,18797,0.39830824067670373,0.05426397829440868,0.0030323987870404853,0.05426397829440868,0.050486779805288075,0.0030323987870404853,0.8922168431132628,0.10778315688673724,0.004362398255040698,0.6875134128723381,0.051231579507368195,0.0,0.0,0.0,0.0,0.0,0.0,0.0,0.0,1039218623.0,0.7554651818436475,103701640.0,3.337700001936936e-05,0.9115058978307012,0.00046023039754552206,0.0880004947717339,21510124685.0,,,,,,0.9489859485955161,0.30312094315189736,,649.383338556725,6.476023202666871,18.509389774944978,8.21811392729758,2024.0,100.554088317275,2024.0,30.548,2023.0,0.0219936,2023
VNM,Viet Nam,East Asia & Pacific,Lower middle income,476388230307.175,100987686.0,18797,1.337873064850774,0.1768367292653083,0.035537585784965686,0.1768367292653083,0.2705750917699633,0.035537585784965686,0.5170505931797628,0.4826302069479172,0.09134436346225462,0.9373401703450159,0.14129914348034261,0.0,0.0,0.0,0.0,0.0,0.0,0.0,0.0,1158827345905.0,1.7590656490514949,733411222052.0,0.00010546022876648505,0.9452140034688096,0.0008509282780429296,0.05382960802438107,418266953588.0,,,,,,7262.382683488757,0.8779959851617274,,4717.290287324487,8.45898982205734,18.430509146580512,24.4304272603192,2024.0,173.862024782965,2024.0,84.15,2024.0,22.6807,2023
IRN,"Iran, Islamic Rep.",Middle East & North Africa,Upper middle income,475252089215.416,91567738.0,18797,1.2451987019205193,0.17263393094642762,0.03309038676384529,0.17263393094642762,0.24886950045219983,0.03309038676384529,0.5454061818375273,0.45459381816247274,0.07852316859073256,0.9581018762865716,0.13954354418258233,0.0,0.0,0.0,0.0,0.0,0.0,0.0,0.0,1701178318.0,1.4077793213444894,783001695.0,0.0002039163069088681,0.9315395712679192,0.01577649251464302,0.05248001991052886,12976514559.0,,,,,,8.551065168826165,0.027304487141598183,,5190.169590248216,8.554521651974477,18.33258956236535,20.5908961207021,2024.0,52.0621306794348,2024.0,79.6309,2023.0,12.0206,2023
TUR,Turkiye,Europe & Central Asia,Upper middle income,1359123768774.12,85518661.0,18794,1.4485474087474726,0.19889326380759817,0.04666382888155794,0.19889326380759817,0.28274981377035224,0.04666382888155794,0.47169309354049166,0.5282004895179313,0.12429498776205172,0.9507043407087844,0.15222943492604024,0.0,0.0,0.0,0.0,0.0,0.0,0.0,0.0,487807937319.0,1.4606944140764124,217088062731.0,0.0008158359582815651,0.9196986846477164,0.006210601825486119,0.07327487756851589,263069039083.0,67630581000000.0,1.685379044725344,0.5052502014128154,0.4947497985871846,240295000000.0,2538.487625887875,0.19355782389140222,0.17680141096843394,15892.715728724052,9.67361615296566,18.26424516740227,16.8424801408013,2024.0,54.5988061195916,2024.0,87.3079,2024.0,22.4592,2023
DEU,Germany,Europe & Central Asia,High income,4685592577804.69,83516593.0,18796,1.5644286018301767,0.20999148755054267,0.05793785911896148,0.20999148755054267,0.30676739731857844,0.05793785911896148,0.42530325601191743,0.5740583102787827,0.15178761438603958,0.9339479801935325,0.15205362843158118,0.0,0.0,0.0,0.0,0.0,0.0,0.0,0.0,4874447584487.0,1.7534063030257196,2928147736929.0,0.0007071700565558093,0.9181120599000125,0.0075039598731985405,0.0736768101702331,1632728524865.0,671872915000000.0,1.8386230363222782,0.5026698125585859,0.49733018744141416,2920854000000.0,35060.67036198424,0.34845721170874216,0.6233691793511608,56103.73231825549,10.934957619034957,18.24055588864204,18.0067082931968,2024.0,79.0907305894936,2024.0,93.5,2024.0,45.3805,2023
THA,Thailand,East Asia & Pacific,Upper middle income,526517658841.684,71668011.0,18797,1.406767037293185,0.18917912432835027,0.04080438367824653,0.18917912432835027,0.27924668830132465,0.04080438367824653,0.4907698036920785,0.5091237963504814,0.11081555567377772,0.9430182158763496,0.14837474065010375,0.0,0.0,0.0,0.0,0.0,0.0,0.0,0.0,961602312220.0,1.7168498671374794,519834399269.0,0.0003661569845720644,0.904667222046959,0.0015636609291513378,0.09340296003931753,327548440638.0,,,,,,7253.367185940182,0.6221034283229785,,7346.6202214218565,8.901995652630735,18.08755505538743,24.3302698519497,2024.0,136.747107022451,2024.0,90.8672,2024.0,15.7473,2023
GBR,United Kingdom,Europe & Central Asia,High income,3686033044482.13,69226000.0,18797,1.5654625738149706,0.21636431345427462,0.05399797840080864,0.21636431345427462,0.2993030802787679,0.05399797840080864,0.43033462786614884,0.5693993722402511,0.16156833537266585,0.9486103466496368,0.16236633505346598,0.0,0.0,0.0,0.0,0.0,0.0,0.0,0.0,1012020810636.0,1.7920358116186021,659936631439.0,0.00045410512528017003,0.9130271011406522,0.004479352888159613,0.08203944084590802,449031676565.0,1224291166000000.0,1.8264627974943666,0.5003367916369102,0.4996632083630898,4174121000000.0,9533.074732600468,0.12181976426857748,1.1324155127281135,53246.36761451088,10.882684867433001,18.05288707256521,7.98503886607726,2024.0,62.8401605267118,2024.0,96.2988,2023.0,41.4368,2023
TZA,Tanzania,Sub-Saharan Africa,Lower middle income,78844405385.2195,68560157.0,18797,0.7423525030589988,0.08985476405809438,0.010054795978081609,0.08985476405809438,0.1380007447997021,0.010054795978081609,0.762089695164122,0.23785710485715805,0.011171995531201788,0.8436038502165346,0.07979996808001277,0.0,0.0,0.0,0.0,0.0,0.0,0.0,0.0,1210317860.0,0.7179948505428153,156793345.0,0.00035598582342658317,0.9405474723805199,0.0041115273635638164,0.05498501443248966,11173814110.0,,,,,,2.2869455360202866,0.14171980948307958,,1150.0032793860069,7.047520072993236,18.04322212221617,8.06364335166651,2024.0,41.5131207208244,2024.0,29.0638,2023.0,2.49959,2023
FRA,France,Europe & Central Asia,High income,3160442622465.08,68551653.0,18796,1.5474569057246224,0.20967227069589275,0.056288572036603535,0.20967227069589275,0.30197914449882957,0.056288572036603535,0.4320600127686742,0.5674611619493509,0.15045754415833157,0.9431789497130584,0.15338369865928922,0.0,0.0,0.0,0.0,0.0,0.0,0.0,0.0,1518643702139.0,1.642222806131738,823407717081.0,0.0006148787853824925,0.9110226819077591,0.003981269060994403,0.0843811702458639,657071161728.0,667081456000000.0,1.7901938005603921,0.4987837276478437,0.5012162723521563,2546401000000.0,12011.493247011855,0.2079047906319837,0.8057102451092308,46103.08408558842,10.738635126651346,18.043098077467423,9.56647520690692,2024.0,68.1081875443744,2024.0,88.6538,2024.0,48.6688,2023
ZAF,South Africa,Sub-Saharan Africa,Upper middle income,401144998373.585,64007187.0,18797,1.4116082353567059,0.19284992286003086,0.03787838484864606,0.19284992286003086,0.2799382880246848,0.03787838484864606,0.4893334042666383,0.5104537958184817,0.11767835292865883,0.9542491438725168,0.1549715380113848,0.0,0.0,0.0,0.0,0.0,0.0,0.0,0.0,135109569096.0,1.5810993061728622,74650715578.0,0.00013435089106902793,0.9442075272281868,0.002505086976922498,0.053153034903821714,150658423714.0,,,,,,1166.286460581372,0.37557098885648404,,6267.186814093002,8.743082858954319,17.974505931894125,12.7973009661441,2024.0,61.646770473025,2024.0,75.6592,2023.0,3.40566,2023
ITA,Italy,Europe & Central Asia,High income,2380825077243.59,58952704.0,18797,1.4952918018832793,0.20200031919987232,0.0506463797414481,0.20200031919987232,0.2930786827685269,0.0506463797414481,0.4542746182901527,0.5454061818375273,0.13831994467202213,0.950519001107857,0.15135393945842424,0.0,0.0,0.0,0.0,0.0,0.0,0.0,0.0,1560662591944.0,1.7466097428916976,936275410586.0,0.0009633035524528962,0.9170164721852658,0.012003414762229523,0.07001680950005172,656852894097.0,341746311000000.0,1.7643596890209006,0.5006683204882436,0.4993316795117564,1463235000000.0,15881.806042111317,0.2758929668438616,0.6145915607097294,40385.341395766845,10.60622216136962,17.892246053276516,14.8235735691366,2024.0,62.8237685119526,2024.0,89.2207,2024.0,31.8411,2023
KEN,Kenya,Sub-Saharan Africa,Lower middle income,120339557905.932,56432944.0,18797,1.0554875778049688,0.12326435069425973,0.022343991062403576,0.12326435069425973,0.22397191041123585,0.022343991062403576,0.6304197478321009,0.36958025216789914,0.04032558386976645,0.9175491216928022,0.10092035963185615,0.0,0.0,0.0,0.0,0.0,0.0,0.0,0.0,3065208626.0,1.1352443770005234,938346018.0,5.000410043867598e-05,0.9457923582784541,0.0027174427637148375,0.051440194857392395,8003354889.0,,,,,,16.627628322917197,0.06650643419561278,,2132.434520976471,7.665019573607886,17.84856365941559,7.2507294225429,2024.0,40.1860139968756,2024.0,34.9762,2024.0,2.38883,2023
MMR,Myanmar,East Asia & Pacific,Lower middle income,74068349523.8095,54500091.0,18797,0.7631004947598021,0.1118795552481779,0.00893759642496143,0.1118795552481779,0.13693674522530191,0.00893759642496143,0.7422461031015588,0.25775389689844125,0.01574719370112252,0.8713637003332879,0.10294195882321647,0.0,0.0,0.0,0.0,0.0,0.0,0.0,0.0,8754235448.0,1.1691031896267088,3503222769.0,7.773802795713886e-05,0.9035407472170607,0.0009596473672545893,0.0954218673877276,20853786462.0,,,,,,64.27920953379693,0.28154787565904227,,1359.0500156010655,7.21454121671238,17.81371292935685,22.5216536798612,2024.0,,,58.5357,2023.0,2.7983,2023
COL,Colombia,Latin America & Caribbean,Upper middle income,418818154879.271,52886363.0,18797,1.3573974570410172,0.17587912964834815,0.03718678512528595,0.17587912964834815,0.2774910890035644,0.03718678512528595,0.5094429962228015,0.4903442038623185,0.09698356120657552,0.9399426861306682,0.1386923445230622,0.0,0.0,0.0,0.0,0.0,0.0,0.0,0.0,12241897186.0,1.3866406054621148,4899017416.0,0.00021581712048859876,0.9205971230413829,0.004624715445637463,0.07456234439249113,53097478934.0,,,,,,92.63290455424209,0.12677931535538603,,7919.208868253448,8.977046589447056,17.783656075315644,10.0955376873703,2024.0,37.0254687077888,2024.0,77.3369,2023.0,17.037,2023
KOR,"Korea, Rep.",East Asia & Pacific,High income,1875388209406.8,51751065.0,18794,1.6071618601681388,0.22688091944237523,0.05496435032457167,0.22688091944237523,0.3149409385974247,0.05496435032457167,0.40321379163562837,0.5965201660104289,0.16978823028626158,0.9467765673879612,0.17191656911780356,0.0,0.0,0.0,0.0,0.0,0.0,0.0,0.0,1926196200586.0,1.986022561923957,1357360589291.0,0.0005038579920907015,0.8599126291268206,0.006254824654069338,0.13332868822701935,660817557989.0,,,,,,26228.650353205292,0.3523630759084391,,36238.63990831493,10.497881229328883,17.761955569608137,26.6179725157922,2024.0,84.6424951192038,2024.0,97.8956,2024.0,46.5676,2023
SDN,Sudan,Sub-Saharan Africa,Low income,49672435513.1126,50448963.0,18797,0.5717933712826515,0.0806511677395329,0.006330797467681013,0.0806511677395329,0.09150396339841464,0.006330797467681013,0.8215140713943715,0.17848592860562856,0.009788796084481566,0.8006077400256975,0.07432037027185188,0.0,0.0,0.0,0.0,0.0,0.0,0.0,0.0,35570472.0,0.9720823215390564,10901434.0,0.0032683569675431914,0.9337366116479984,0.010822122349121485,0.05217290903533695,4945718870.0,,,,,,0.21608836637534057,0.09956666748692888,,984.6076620665642,6.892243249201768,17.73647274954768,,,1.99541210225008,2024.0,26.4383,2020.0,0.0604394,2022
UGA,Uganda,Sub-Saharan Africa,Low income,53911907086.1525,50015092.0,18797,0.6864393254242698,0.07990636803745278,0.009682396127041549,0.07990636803745278,0.12443475022609991,0.009682396127041549,0.7859764856094058,0.21402351439059425,0.00962919614832154,0.8257143521277911,0.07022397191041123,0.0,0.0,0.0,0.0,0.0,0.0,0.0,0.0,1438666904.0,0.7250327988361092,187168840.0,1.2059080494424163e-05,0.9309423100484419,0.004208750464172769,0.06483688040689091,8519977155.0,,,,,,3.74224724009305,0.15803516542987203,,1077.912784528168,6.982781843305583,17.72783535784789,15.1091911678522,2024.0,42.6527889088562,2024.0,8.94983,2024.0,0.091297,2023
ESP,Spain,Europe & Central Asia,High income,1725671652742.19,48848840.0,18796,1.5254841455628858,0.20844860608640137,0.051925941689721214,0.20844860608640137,0.2965524579697808,0.051925941689721214,0.44307299425409663,0.5566609917003618,0.14636092785699084,0.9471789493162551,0.15652266439668017,0.0,0.0,0.0,0.0,0.0,0.0,0.0,0.0,606447484136.0,1.5869961784146318,316926214536.0,0.00042539894013666276,0.9144294102894449,0.005408130525386918,0.07973706024503147,412606842388.0,252420666000000.0,1.794861942880699,0.5068447552898797,0.49315524471012034,816967000000.0,6487.896427755501,0.23909927577030332,0.47341972541635785,35326.76830692786,10.472396264528529,17.7042411900094,10.8444299486305,2024.0,69.9502612382631,2024.0,95.7575,2024.0,37.2148,2023
DZA,Algeria,Middle East & North Africa,Upper middle income,269322281664.773,46814308.0,18797,1.1955631217747513,0.15385433845826463,0.031228387508644997,0.15385433845826463,0.2481247007501197,0.031228387508644997,0.5667925732829707,0.4331542267383093,0.054157578336968666,0.9214828866839881,0.12262595094961963,0.0,0.0,0.0,0.0,0.0,0.0,0.0,0.0,636211942.0,1.2515786586728357,246826332.0,0.0005224202471823454,0.912239941890308,0.0024189156135016403,0.08481872224900802,55689574538.0,,,,,,5.2724549938877665,0.20677670705061504,,5752.990766514652,8.65747513187585,17.66169944065878,9.45462250569716,2024.0,40.1345741170703,2024.0,76.9081,2023.0,12.0087,2023
IRQ,Iraq,Middle East & North Africa,Upper middle income,279641257615.385,46042015.0,18797,0.9449380220247912,0.1237963504814598,0.01718359312656275,0.1237963504814598,0.18721072511570996,0.01718359312656275,0.6718093312762675,0.3281374687450125,0.02287599084960366,0.894320444496885,0.10661275735489706,0.0,0.0,0.0,0.0,0.0,0.0,0.0,0.0,673792138.0,1.1025891415194875,204159944.0,7.098183149177678e-05,0.9580597391891801,0.0045722097754723285,0.037297069203855865,114387759075.0,,,,,,4.434209580097656,0.4090517974723438,,6073.610323427091,8.711708488695377,17.645064907150424,4.08706182141497,2024.0,70.7087434748943,2024.0,81.7291,2023.0,17.2313,2023
ARG,Argentina,Latin America & Caribbean,Upper middle income,638365455340.04,45696159.0,18794,1.408587847185272,0.18963498989039054,0.04363094604661062,0.18963498989039054,0.2801425987017133,0.04363094604661062,0.4865914653612855,0.5133021176971374,0.11258912418857082,0.949436072674612,0.1460040438437799,0.0,0.0,0.0,0.0,0.0,0.0,0.0,0.0,54169770680.0,1.4934943290034988,26257825193.0,0.0001134200481721515,0.9599061444097662,0.0019490533128466994,0.038031382229214934,71966750357.0,,,,,,574.6177746142733,0.1127359724041854,,13969.783660373732,9.544651966116334,17.637524804192147,15.1850458096465,2024.0,27.929760849367,2024.0,89.6672,2024.0,25.3581,2023
AFG,Afghanistan,South Asia,Low income,17152234636.8715,42647492.0,18797,0.456189817524073,0.06830877267649092,0.004894398042240783,0.06830877267649092,0.06383997446401021,0.004894398042240783,0.862956854817258,0.13704314518274194,0.005745597701760919,0.7383422980460712,0.06341437463425013,0.0,0.0,0.0,0.0,0.0,0.0,0.0,0.0,83263202.0,0.6222334327233776,16058349.0,0.0001103488669580591,0.9440213697282505,0.0037371490949867628,0.052131132309804755,1673334638.0,,,,,,0.37653677266649116,0.09755782109013929,,402.1862443135343,5.996915275643621,17.568479025952527,7.5409168634476,2023.0,67.5846651516385,2023.0,17.7089,2023.0,0.0800873,2023
CAN,Canada,North America,High income,2243636826633.76,41288599.0,18795,1.553338653897313,0.21010907156158554,0.05102420856610801,0.21010907156158554,0.30353817504655495,0.05102420856610801,0.4353285448257515,0.5640329874966746,0.1532854482575153,0.9389810691537965,0.15908486299547753,0.0,0.0,0.0,0.0,0.0,0.0,0.0,0.0,730184368215.0,1.6463786701717347,390238604367.0,0.0011228147365085674,0.921813739655147,0.005146835591930161,0.07191661001641428,574752396543.0,,,,,,9451.485732586858,0.2561699780108039,,54340.34772247321,10.903022281974831,17.53609696655278,9.25454311712137,2021.0,65.1499212653783,2024.0,93.9564,2023.0,42.5242,2023
YEM,"Yemen, Rep.",Middle East & North Africa,Low income,21606160663.0318,40583164.0,18797,0.5201361919455232,0.08517316593073362,0.0031387987444805024,0.08517316593073362,0.07022397191041124,0.0031387987444805024,0.8414640634143746,0.15853593658562537,0.009043996382401448,0.7764292578688605,0.08203436718625312,0.0,0.0,0.0,0.0,0.0,0.0,0.0,0.0,83437791.0,0.9313277601033325,26368299.0,4.3625316015377254e-05,0.9737405440179978,0.00029507013195016155,0.02592076053403667,1084720296.0,,,,,,0.649734924561328,0.05020421318332412,,532.3922172019855,6.277380468085756,17.51886385876556,,,56.0778227215077,2018.0,13.8152,2020.0,1.27124,2022
MAR,Morocco,Middle East & North Africa,Lower middle income,160610994054.734,38081173.0,18797,1.219130712347715,0.14959834016066392,0.03346278661488535,0.14959834016066392,0.25919029632388146,0.03346278661488535,0.5577485769005692,0.4422514230994308,0.05867957652816939,0.9230775540927246,0.11613555354577856,0.0,0.0,0.0,0.0,0.0,0.0,0.0,0.0,97420212021.0,1.1063548068830578,27211802394.0,3.916599975349585e-06,0.8201653469485011,0.0006390968846031557,0.1791916395669204,52005201590.0,,,,,,714.5736396827903,0.32379602589519707,,4217.59576719798,8.347020521263206,17.455230570984448,15.2654153716279,2024.0,92.1872446062404,2024.0,91.0,2023.0,7.02184,2023
AGO,Angola,Sub-Saharan Africa,Lower middle income,100998916781.079,37885849.0,18797,0.8592328563068575,0.11767835292865883,0.01175719529712188,0.11767835292865883,0.16220673511730596,0.01175719529712188,0.7083577166569134,0.2916422833430867,0.01893919242432303,0.8831721753616801,0.10592115763153695,0.0,0.0,0.0,0.0,0.0,0.0,0.0,0.0,1391374269.0,1.4186310606553267,887685686.0,6.365217610618326e-05,0.9224455910935061,0.000376320743933493,0.07711443598645419,39982915851.0,,,,,,23.43053434014373,0.3958746997026244,,2665.874447767529,7.888287405769062,17.450088223021286,7.62750781911399,2024.0,50.8422305562091,2024.0,44.7581,2023.0,0.373669,2023
UKR,Ukraine,Europe & Central Asia,Upper middle income,190741262414.705,37860221.0,18797,1.3821354471458211,0.18987072405171038,0.04229398308240677,0.18987072405171038,0.2729690908123637,0.04229398308240677,0.49486620205351917,0.5049209980316008,0.11528435388625845,0.9709873657762378,0.14757674096930362,0.0,0.0,0.0,0.0,0.0,0.0,0.0,0.0,26115669002.0,1.3006674686908715,9248748329.0,0.00027948994909688204,0.8661559935251013,0.004973847615776272,0.12859066891002557,40724920625.0,,,,,,244.28669682091925,0.21350870865296506,,5038.038801059956,8.524772158562127,17.44941154102371,8.41130281423941,2024.0,77.7530113300514,2024.0,82.3755,2023.0,19.675,2023
POL,Poland,Europe & Central Asia,High income,917767106146.761,36559233.0,18795,1.4909284384144719,0.2048417132216015,0.046767757382282525,0.2048417132216015,0.29348230912476725,0.046767757382282525,0.45490822027134875,0.5449853684490557,0.13540835328544826,0.9485067105621131,0.15807395583931896,0.0,0.0,0.0,0.0,0.0,0.0,0.0,0.0,792230089796.0,1.67489249522658,446778068702.0,0.001362016204506763,0.9211729728227305,0.0030702538584798413,0.07439475711428296,372730710185.0,294634066000000.0,1.7448429300093222,0.5002087262593067,0.4997912737406933,909093000000.0,12220.663073046417,0.4061277721642339,0.9905486848584286,25103.565661422956,10.130765173254584,17.414444325117902,16.0769928111431,2024.0,100.359442847164,2024.0,88.585,2024.0,26.114,2023
UZB,Uzbekistan,Europe & Central Asia,Lower middle income,114965293466.611,36361859.0,18797,1.131882747246901,0.15247113901154438,0.02330159067936373,0.15247113901154438,0.23040910783635687,0.02330159067936373,0.593818162472735,0.406128637548545,0.04506038197584721,0.9182717444918947,0.12916954833218064,0.0,0.0,0.0,0.0,0.0,0.0,0.0,0.0,6021977934.0,1.319166326091689,2310980877.0,9.283029697664116e-05,0.9155171967456764,0.0022550868084931113,0.08213488614885384,24389442157.0,,,,,,63.55508053094865,0.21214613055446468,,3161.7001063287494,8.058865170238246,17.409030953579343,20.1938734830319,2024.0,60.7274403812997,2024.0,89.0136,2023.0,30.2699,2023
MYS,Malaysia,East Asia & Pacific,Upper middle income,422227005428.688,35557673.0,18797,1.43772942490823,0.19402032239187103,0.04245358301856679,0.19402032239187103,0.28552428579028566,0.04245358301856679,0.4780018087992765,0.5218917912432836,0.11975315209873916,0.9452299807680689,0.15156673937330423,0.0,0.0,0.0,0.0,0.0,0.0,0.0,0.0,1135554473472.0,1.8004375749063632,703922760462.0,4.876748962176977e-05,0.8560977308121809,0.006890484024140418,0.13696301767405697,358071150579.0,18310641000000.0,1.6711574433685854,0.5196117469037751,0.48038825309622485,106834000000.0,19796.64868569999,0.8480536440710361,0.25302502830564144,11874.427368424474,9.382142406133783,17.38666652777361,22.5003191935602,2024.0,137.362571161559,2024.0,98.0206,2024.0,13.0287,2023
SAU,Saudi Arabia,Middle East & North Africa,High income,1239804533333.33,35300280.0,18796,1.5035645882102575,0.212864439242392,0.04708448606086402,0.212864439242392,0.2936795062779315,0.04708448606086402,0.44637156841881254,0.5534688231538625,0.13901894020004257,0.951772832349333,0.165779953181528,0.0,0.0,0.0,0.0,0.0,0.0,0.0,0.0,101511721098.0,1.3946161730754976,41675712367.0,9.321792496124308e-05,0.959762122267076,0.0005571773622614143,0.03958748244570129,331427353495.0,,,,,,1180.605716640208,0.267322262973121,,35121.66286877413,10.466573394827881,17.3794014538834,15.7219406844133,2024.0,54.6787052668733,2024.0,100.0,2024.0,43.5732,2023
MOZ,Mozambique,Sub-Saharan Africa,Low income,22745341305.0622,34631766.0,18797,0.656221737511305,0.08772676490929404,0.00787359685056126,0.08772676490929404,0.10570835771665692,0.00787359685056126,0.7986912805234878,0.20130871947651222,0.008990796403681438,0.8149695658714496,0.07985316805873278,0.0,0.0,0.0,0.0,0.0,0.0,0.0,0.0,794495126.0,0.9095016185159077,171104993.0,4.439800679154827e-05,0.9483549355342427,0.002996246197235954,0.048604420261729835,12863090841.0,,,,,,4.940694996610915,0.5655263936680165,,656.7768246373055,6.4873442722497,17.36028191132437,6.44434299229208,2024.0,95.659420351194,2024.0,19.8434,2023.0,0.197785,2022
GHA,Ghana,Sub-Saharan Africa,Lower middle income,82308110386.4641,34427414.0,18797,0.87498005000798,0.09591956163217534,0.01532159387136245,0.09591956163217534,0.1756131297547481,0.01532159387136245,0.7131457147417141,0.2868010852795659,0.01755599297760281,0.8678802363031181,0.08059796776081289,0.0,0.0,0.0,0.0,0.0,0.0,0.0,0.0,618931925.0,0.9754893545037283,127769396.0,0.0002794733847345166,0.888292425697705,0.005796836219104387,0.10563126469845613,17918307822.0,,,,,,3.711269048555317,0.21769796120780266,,2390.7723765271508,7.779371762812391,17.354363723577247,9.83621907142742,2024.0,69.7884227390592,2024.0,69.9445,2023.0,0.555477,2023
PER,Peru,Latin America & Caribbean,Upper middle income,289221969062.941,34217848.0,18797,1.2905250837899664,0.1612491355003458,0.03468638612544555,0.1612491355003458,0.2677022929190828,0.03468638612544555,0.5363621854551258,0.4635314145874342,0.07878916848433261,0.9312838423440327,0.12656274937490025,0.0,0.0,0.0,0.0,0.0,0.0,0.0,0.0,5894803526.0,1.4013703482337232,2705423716.0,0.00033209079681208024,0.9362343884164936,0.00325245411750132,0.060181066669193005,65643799632.0,,,,,,79.06469500945822,0.22696685125504587,,8452.37167056622,9.042202352043388,17.34825793725037,12.1140270326731,2024.0,51.4758878672647,2024.0,81.9571,2024.0,10.4364,2023
MDG,Madagascar,Sub-Saharan Africa,Low income,17420501490.1231,31964956.0,18797,0.5774325690269724,0.08097036761185296,0.006171197531520988,0.08097036761185296,0.08799276480289409,0.006171197531520988,0.824865670053732,0.175134329946268,0.008990796403681438,0.7938740723572882,0.07479917008033198,0.0,0.0,0.0,0.0,0.0,0.0,0.0,0.0,251142695.0,0.656424304915578,37624670.0,6.38640912888189e-05,0.9067201775468723,0.001631869085421736,0.09158408927641713,4188178133.0,,,,,,1.177059965294493,0.24041662264284244,,544.9875010033832,6.300762860461511,17.280150735676465,12.6451562899679,2024.0,54.9795881437152,2024.0,20.3671,2023.0,0.124487,2023
CIV,Cote d'Ivoire,Sub-Saharan Africa,Lower middle income,87113179149.284,31934230.0,18797,0.8720008511996595,0.10868755652497739,0.014576794169282332,0.10868755652497739,0.1712507314997074,0.014576794169282332,0.7054849178060328,0.2945150821939671,0.018832792466883012,0.880895397287439,0.09411076235569506,0.0,0.0,0.0,0.0,0.0,0.0,0.0,0.0,13531748027.0,1.3218105519191692,6993027183.0,8.79435530151407e-06,0.9601465398318121,0.0005205666692835767,0.03932409914360283,22029916843.0,,,,,,218.98217627292092,0.2528884499238376,,2727.893522069704,7.911284986702229,17.279189033210702,12.918437529424,2024.0,51.2640379409119,2024.0,40.6528,2023.0,1.36337,2023
NPL,Nepal,South Asia,Lower middle income,42914268286.7109,29651054.0,18797,0.7677288929084428,0.08905676437729425,0.013831994467202213,0.08905676437729425,0.1424695430121828,0.013831994467202213,0.7546416981433207,0.24535830185667926,0.012235995105601957,0.8473380813098076,0.07522476991009204,0.0,0.0,0.0,0.0,0.0,0.0,0.0,0.0,706748220.0,0.6255663707225184,92984478.0,4.87019266917998e-06,0.9806839867244377,0.0019588093196754,0.017352333763217685,1224127968.0,,,,,,3.1359586070700893,0.02852496423384367,,1447.3100445842801,7.277461970842152,17.2050082308369,4.36587696111805,2024.0,40.5298226771909,2024.0,55.7716,2023.0,4.83217,2022
CMR,Cameroon,Sub-Saharan Africa,Lower middle income,53296694320.2057,29123744.0,18797,0.7526732989306805,0.09325956269617493,0.011171995531201788,0.09325956269617493,0.14087354365058255,0.011171995531201788,0.7546948981220407,0.24530510187795926,0.011703995318401873,0.8506364611495402,0.08208756716497315,0.0,0.0,0.0,0.0,0.0,0.0,0.0,0.0,777709767.0,0.8726880975380626,151382484.0,5.698655447129032e-05,0.9693503180602334,0.00266519862286878,0.02792749676242654,6735469454.0,,,,,,5.197906010985401,0.12637687083430363,,1830.0083368472715,7.5120758014793365,17.187064344456733,12.880227254442,2024.0,34.4031785915423,2024.0,41.9088,2023.0,2.12862,2022
VEN,"Venezuela, RB",Latin America & Caribbean,Not classified,119802963257.783,28405543.0,18797,1.1127307549076981,0.16518593392562644,0.022343991062403576,0.16518593392562644,0.21668351332659466,0.022343991062403576,0.5957865616853754,0.4042134383146247,0.057775176889929246,0.9560798116157504,0.14284194286322288,0.0,0.0,0.0,0.0,0.0,0.0,0.0,0.0,817589914.0,0.9510258513291787,160789294.0,2.99538920192697e-06,0.9088158015119545,0.00046284205996210466,0.09071836103888141,7532220938.0,,,,,,5.660490067026707,0.06287174150937096,,4217.591026433925,8.347019397218375,17.162094860143405,,,26.0811657596499,2024.0,,,10.6381,2023
AUS,Australia,East Asia & Pacific,High income,1757022451652.83,27196812.0,18796,1.567993190040434,0.21121515216003406,0.054586082145137264,0.21121515216003406,0.3053309214726538,0.054586082145137264,0.42886784422217494,0.5708661417322834,0.15492658012343052,0.9331822705053638,0.1566290700148968,0.0,0.0,0.0,0.0,0.0,0.0,0.0,0.0,90395509630.0,1.6591768182611661,50614134243.0,0.0004219037002623733,0.9262125253422281,0.006789471750445399,0.06657609920706412,393412193861.0,,,,,,1861.0318828177362,0.223908461437654,,64603.98563084637,11.076031384939432,17.118610318514726,5.37633044467869,2024.0,47.1453811065195,2024.0,97.0631,2023.0,36.6047,2023
NER,Niger,Sub-Saharan Africa,Low income,19876128485.7857,27032412.0,18797,0.39048784380486246,0.05256157897536841,0.003191998723200511,0.05256157897536841,0.042772782890886846,0.003191998723200511,0.9014736394105443,0.09852636058945577,0.00393679842528063,0.6714216279846262,0.0493695802521679,0.0,0.0,0.0,0.0,0.0,0.0,0.0,0.0,364414931.0,0.5018605700324612,34848473.0,0.0,0.9395334572611131,0.0023688189658727238,0.05809772377301412,1726074953.0,,,,,,1.2891366482576545,0.08684160772226807,,735.2702557872269,6.6002381265782235,17.112547148455736,6.9938602495652,2022.0,49.9759837351389,2024.0,23.1879,2023.0,0.107619,2023
SYR,Syrian Arab Republic,Middle East & North Africa,Low income,23622827079.5047,24672760.0,18797,0.5622173751130499,0.08719476512209395,0.004787998084800766,0.08719476512209395,0.07825716869713252,0.004787998084800766,0.8297600680959728,0.17023993190402723,0.008511996595201361,0.7878177761531545,0.08240676703729319,0.0,0.0,0.0,0.0,0.0,0.0,0.0,0.0,54360928.0,1.0332497083199168,17957509.0,3.6975086223693605e-06,0.8530117808143378,0.13524829818946432,0.011736223487575487,1135806435.0,,,,,,0.7278273286004484,0.048080885119183396,,957.4456639429354,6.8642689716043055,17.021210359021207,,,35.6094680799956,2022.0,34.65,2019.0,6.86125,2023
MLI,Mali,Sub-Saharan Africa,Low income,26794747239.8805,24478595.0,18797,0.5009841996063201,0.0675107729956908,0.004043198382720647,0.0675107729956908,0.068787572484971,0.004043198382720647,0.8596584561366175,0.14034154386338246,0.004894398042240783,0.7417949253310263,0.06346757461297016,0.0,0.0,0.0,0.0,0.0,0.0,0.0,0.0,1187377399.0,0.6908763066324796,131963248.0,6.229948461399003e-05,0.9266742831105547,0.0024288208638877755,0.0708345965409436,9244482551.0,,,,,,5.390964963471147,0.3450110004113339,,1094.6194926579938,6.998162086570619,17.013309620170464,7.62473561031489,2024.0,49.8960414309506,2024.0,35.0921,2023.0,0.77422,2022
BFA,Burkina Faso,Sub-Saharan Africa,Low income,23124729853.0218,23548781.0,18797,0.48098100760759693,0.05718997712400915,0.01255519497792201,0.05718997712400915,0.07554396978241208,0.01255519497792201,0.8547108581156567,0.14278874288450286,0.004043198382720647,0.7425554236743989,0.04463478214608714,0.0,0.0,0.0,0.0,0.0,0.0,0.0,0.0,910397971.0,0.5171379649307237,44699430.0,0.00015217850260345098,0.9759245772747883,0.0007309770245522659,0.02319226719805596,8231975034.0,,,,,,1.8981632212724726,0.35598145735416215,,981.9926497690815,6.889583823366252,16.974584614878925,9.49858147123838,2024.0,60.5024222912348,2024.0,17.0226,2023.0,0.0669065,2022
LKA,Sri Lanka,South Asia,Lower middle income,98963185509.6499,21916000.0,18797,1.1544395382241848,0.14076714369314253,0.0668191732723307,0.14076714369314253,0.24392190243123904,0.0668191732723307,0.5484917806032877,0.44278342288663086,0.042772782890886846,0.9372122855285909,0.07394797042081183,0.0,0.0,0.0,0.0,0.0,0.0,0.0,0.0,16637930411.0,1.0706771415645873,4060589823.0,2.435056464307266e-05,0.9086308494237396,0.0024544711987135623,0.0888903288129037,13621714365.0,,,,,,185.27969624931558,0.13764425927530138,,4515.567873227318,8.415286232743277,16.902727521640443,17.5917877693489,2024.0,42.3975008711047,2024.0,51.2,2023.0,8.76545,2023
MWI,Malawi,Sub-Saharan Africa,Low income,11316411329.4619,21655286.0,18797,0.5667925732829707,0.06261637495345002,0.016917593232962706,0.06261637495345002,0.09038676384529447,0.016917593232962706,0.8300792679682928,0.16731393307442677,0.004255998297600681,0.7727810889854222,0.04569878172048731,0.0,0.0,0.0,0.0,0.0,0.0,0.0,0.0,235445711.0,0.5632460299945748,20248691.0,8.388345625884007e-06,0.956867283940458,0.01187820745649514,0.03124612025742104,1127407459.0,,,,,,0.9350461129906111,0.0996258819317421,,522.5703936425454,6.25875969943914,16.89076013965517,10.9664606994782,2024.0,42.4376683990967,2023.0,17.9881,2023.0,0.0795566,2023
ZMB,Zambia,Sub-Saharan Africa,Lower middle income,25303185342.2511,21314956.0,18796,0.811502447329219,0.10081932326026814,0.015535220259629709,0.10081932326026814,0.151361991913173,0.015535220259629709,0.7322834645669292,0.2677165354330709,0.014896786550329857,0.8648620944262548,0.08528410300063843,0.0,0.0,0.0,0.0,0.0,0.0,0.0,0.0,2616071558.0,0.8895209394727115,387925961.0,0.0001349917202838226,0.9496323330311593,0.0011712649795950268,0.04906141026896176,15595158968.0,,,,,,18.199707332260033,0.616331847435797,,1187.1094335006414,7.079276583705229,16.87491954390533,9.04858570665344,2024.0,62.5348874064443,2024.0,33.0,2023.0,0.68139,2023
KAZ,Kazakhstan,Europe & Central Asia,Upper middle income,291480274648.826,20592571.0,18797,1.3643666542533384,0.18471032611586954,0.038410384635846145,0.18471032611586954,0.27520348991860405,0.038410384635846145,0.5016757993296803,0.49832420067031974,0.10107995956801617,0.9507042266801984,0.1462999414800234,0.0,0.0,0.0,0.0,0.0,0.0,0.0,0.0,25820713578.0,1.601639073222053,14099442101.0,0.0006384302645317078,0.9184855534436772,0.004499496369418269,0.07637651992237285,94474160513.0,1035953000000.0,1.640278082113764,0.5164383658705514,0.4835616341294486,7085000000.0,684.6858559331906,0.3241185381303143,0.024306962138470514,14154.632495807638,9.557797234355384,16.840440937648825,12.3935343078141,2024.0,57.1613431963924,2024.0,93.3917,2024.0,14.3457,2023
TCD,Chad,Sub-Saharan Africa,Low income,19518819751.283,20299123.0,18797,0.3683034526786189,0.047241581103367555,0.005585997765600894,0.047241581103367555,0.046337181465127414,0.005585997765600894,0.9008352396659042,0.09852636058945577,0.002819598872160451,0.66406862302866,0.04165558333776666,0.0,0.0,0.0,0.0,0.0,0.0,0.0,0.0,15883643.0,0.5911367436299091,1788838.0,1.4417347456122e-05,0.922007501679558,0.022531543928555938,0.05544653704442992,4466577898.0,,,,,,0.08812390564853467,0.2288344251811847,,961.5597556250583,6.8685567114337,16.82608824110834,7.14535399141811,2024.0,47.8679892951699,2024.0,13.1832,2023.0,0.0,2023
CHL,Chile,Latin America & Caribbean,High income,330267137371.592,19764771.0,18797,1.4683726126509549,0.20162791934883226,0.044209182316327075,0.20162791934883226,0.2895142841942863,0.044209182316327075,0.46464861414055436,0.5349789860084055,0.1274671490131404,0.9445004241062765,0.1574187370325052,0.0,0.0,0.0,0.0,0.0,0.0,0.0,0.0,12696718427.0,1.6456189143777726,7000201194.0,0.0007476002602227355,0.9342793387285377,0.00498164241127815,0.05999141859996136,98227822411.0,,,,,,354.17567924262823,0.2974193048474011,,16709.889397230658,9.723756002610662,16.799411668508693,9.01046913453608,2024.0,63.859857248066,2024.0,94.4574,2023.0,22.9954,2023
ROU,Romania,Europe & Central Asia,High income,382564217988.866,19051804.0,18797,1.4392722242911102,0.19976592009363195,0.04426238229504708,0.19976592009363195,0.2798850880459648,0.04426238229504708,0.4760866095653562,0.5237005905197638,0.12299835080065968,0.9524506669205479,0.15550353779858486,0.0,0.0,0.0,0.0,0.0,0.0,0.0,0.0,316865454914.0,1.543442038709256,157753261711.0,0.0014148726124836772,0.907556129982834,0.0024568844975899696,0.08857211290709238,109414257192.0,,,,,,8280.226991155274,0.28600232862129393,,20080.209621559512,9.907490013071868,16.762672353216125,13.1961348200611,2024.0,77.2149837939003,2024.0,91.2905,2024.0,34.6706,2023
SOM,"Somalia, Fed. Rep.",Sub-Saharan Africa,Low income,11967000000.0,19009151.0,18797,0.46156301537479383,0.0600095759961696,0.00962919614832154,0.0600095759961696,0.06921317231473108,0.00962919614832154,0.8611480555407778,0.13736234505506198,0.00393679842528063,0.7341624357212565,0.05038037984784806,0.0,0.0,0.0,0.0,0.0,0.0,0.0,0.0,19182308.0,0.4025890419442749,1856322.0,0.0001294421922534035,0.9429195902807942,0.0004108994600649724,0.05654006806688747,961234057.0,,,,,,0.09765412458452248,0.08032372833625805,,629.5388994490074,6.44498764577539,16.7604310527624,,,130.325060583271,2024.0,27.6,2022.0,0.722963,2023
SEN,Senegal,Sub-Saharan Africa,Lower middle income,32808056600.9436,18501984.0,18797,0.8927488429004629,0.09863276054689578,0.04229398308240677,0.09863276054689578,0.19024312390275044,0.04229398308240677,0.668830132467947,0.32542426983029205,0.014257594296962281,0.896452599554924,0.05633877746448901,0.0,0.0,0.0,0.0,0.0,0.0,0.0,0.0,1583774203.0,0.8793054706675254,378444067.0,7.876122730356153e-05,0.9450121262014267,0.002504837490398245,0.05240427508087149,5916443727.0,,,,,,20.454242474752977,0.18033508656010536,,1773.2182992344822,7.48055142271077,16.733388527541653,13.8542329986186,2024.0,68.1405147656211,2024.0,60.6122,2023.0,1.97393,2023
GTM,Guatemala,Latin America & Caribbean,Upper middle income,113199581158.203,18406359.0,18797,1.0893227642708943,0.13411714635314145,0.05979677608128957,0.13411714635314145,0.23333510666595733,0.05979677608128957,0.5727509708996117,0.418790232483907,0.029685588125764748,0.9268341259270642,0.07432037027185188,0.0,0.0,0.0,0.0,0.0,0.0,0.0,0.0,4395512898.0,0.9252995191643276,1184282736.0,0.00010962452191170888,0.9391949685504029,0.0023902170790536035,0.05830518984863186,15023299656.0,,,,,,64.34095607936366,0.1327151523202552,,6150.025714385067,8.724211541992647,16.72820676070013,13.587559280005,2024.0,47.344196760267,2024.0,56.0535,2023.0,5.08083,2023
ECU,Ecuador,Latin America & Caribbean,Upper middle income,124676074700.0,18135478.0,18797,1.2714794914082035,0.1612491355003458,0.08400276639889344,0.1612491355003458,0.26908549236580304,0.08400276639889344,0.48566260573495773,0.5024205990317604,0.06336117465553014,0.9555654300058061,0.07724636910145237,0.0,0.0,0.0,0.0,0.0,0.0,0.0,0.0,2858804460.0,1.1103790533473563,819708405.0,8.619442268534869e-05,0.9124885306076513,0.0037537925906272022,0.08367148237903617,36684536917.0,,,,,,45.19916183074965,0.29423878643333645,,6874.705739765999,8.83560412013018,16.713380688223296,12.8762268451495,2024.0,57.2031395531255,2024.0,77.1727,2024.0,16.0679,2023
NLD,Netherlands,Europe & Central Asia,High income,1214927698572.66,17993485.0,18796,1.5949138114492445,0.22164290274526496,0.05831027878271973,0.22164290274526496,0.3050117046180038,0.05831027878271973,0.4150351138540115,0.5845924664822303,0.165779953181528,0.939930045901428,0.16333262396254522,0.0,0.0,0.0,0.0,0.0,0.0,0.0,0.0,1160832203801.0,1.8820269811738644,734139177223.0,0.00030774859263056934,0.9283287186851145,0.023040387876407532,0.048323144845847425,597701009602.0,795200239000000.0,1.8694699952171419,0.5006668714421084,0.4993331285578916,2358161000000.0,40800.2772794153,0.49196426281514555,1.9409887541212956,67520.42189562833,11.120185377704528,16.705520305898293,10.0682519361509,2024.0,153.83065216636,2024.0,97.0068,2023.0,43.2644,2023
KHM,Cambodia,East Asia & Pacific,Lower middle income,46352647037.2406,17638801.0,18797,0.9266904293238283,0.11634835346065861,0.03708038516784593,0.11634835346065861,0.193807522476991,0.03708038516784593,0.6527637388945045,0.34292706282917484,0.015534393786242485,0.903286764171139,0.07926796829281268,0.0,0.0,0.0,0.0,0.0,0.0,0.0,0.0,25453685120.0,0.6135067626702848,1571173956.0,1.026193255587818e-05,0.9156993213012607,0.00023151390347677877,0.08405890286270659,33168094560.0,,,,,,89.07487283290968,0.7155598801801356,,2627.8796975622436,7.873932601373377,16.685611635711275,27.8057723910919,2024.0,143.447009703011,2024.0,60.7171,2023.0,3.64182,2023
ZWE,Zimbabwe,Sub-Saharan Africa,Lower middle income,41539411516.4448,16634373.0,18797,0.8637016545193382,0.10448475820609672,0.03798478480608608,0.10448475820609672,0.17524072990370804,0.03798478480608608,0.6822897270841092,0.31265627493749004,0.01537479385008246,0.8969575417906949,0.06649997340001064,0.0,0.0,0.0,0.0,0.0,0.0,0.0,0.0,333495234.0,0.7838062237495124,56879217.0,4.821358256652027e-05,0.9298086430824376,0.011462604590025415,0.05868053874497049,9072238206.0,,,,,,3.419378476122905,0.21840073979884003,,2497.2033220876315,7.822926713511721,16.626981775110302,15.5645508202725,2024.0,41.4865312656314,2024.0,38.4266,2023.0,1.57458,2023
GIN,Guinea,Sub-Saharan Africa,Lower middle income,25008678293.4084,14754785.0,18797,0.47534180986327607,0.05984997606000957,0.009256796297281482,0.05984997606000957,0.06804277278289089,0.009256796297281482,0.862850454859818,0.13603234558706176,0.0032983986806405276,0.7311978251854055,0.05059317976272809,0.0,0.0,0.0,0.0,0.0,0.0,0.0,0.0,90932409.0,0.6345613586460687,10291711.0,0.0,0.9587280482143611,0.00220785968619835,0.03906409209944058,18049300944.0,,,,,,0.6975168394524217,0.721721505320707,,1694.953758621925,7.435410738393404,16.50707799492126,12.7453563521224,2022.0,97.7778177312748,2024.0,26.5014,2023.0,0.00627529,2022
BEN,Benin,Sub-Saharan Africa,Lower middle income,21482643706.4249,14462724.0,18797,0.7209129116348354,0.08676916529233389,0.026174389530244188,0.08676916529233389,0.13661754535298185,0.026174389530244188,0.7504388998244401,0.2461563015374794,0.007288397084641166,0.8500962750692082,0.0605947757620897,0.0,0.0,0.0,0.0,0.0,0.0,0.0,0.0,431725851.0,0.7218931001655493,60917713.0,4.99321501134756e-05,0.936834627954674,0.003504487851481472,0.059610952043731104,1834838616.0,,,,,,4.212049749410968,0.08541028008816473,,1485.3801888513465,7.3034260378979345,16.48708513869602,10.1743449588896,2024.0,40.6398022401523,2024.0,32.2083,2023.0,0.17088,2023
RWA,Rwanda,Sub-Saharan Africa,Low income,14251642235.0968,14256567.0,18797,0.8567324573070171,0.09687716124913551,0.043836782465287015,0.09687716124913551,0.1657179337128265,0.043836782465287015,0.693568122572751,0.3005798797680481,0.011491195403521838,0.8774203639384491,0.05304037878384849,0.0,0.0,0.0,0.0,0.0,0.0,0.0,0.0,42586523.0,0.8152742124544894,7430313.0,0.0011605079851200813,0.9226422640796479,0.014863246760013726,0.06133398117521827,1368783789.0,,,,,,0.5211852895581384,0.09604393419511789,,999.6545616554672,6.907409780960036,16.472728200629085,8.94087746646115,2024.0,69.9544135680561,2024.0,34.2005,2023.0,0.445556,2023
BDI,Burundi,Sub-Saharan Africa,Low income,3082433067.32634,14047786.0,18797,0.3825078469968612,0.046017981592807365,0.006649997340001064,0.046017981592807365,0.042719582912166834,0.006649997340001064,0.9046124381550248,0.09427036229185508,0.0022343991062403574,0.6585392281340259,0.0393679842528063,0.0,0.0,0.0,0.0,0.0,0.0,0.0,0.0,71335291.0,0.14662718625483703,1035208.0,0.0009233438186997793,0.9462567552994211,0.00037877465166575127,0.05244112623021332,362679178.0,,,,,,0.07369189707189445,0.11766003351196297,,219.42483088269853,5.391009717748471,16.457975361255812,11.5378154113804,2024.0,,,11.0784,2023.0,0.0203441,2023
BOL,Bolivia,Latin America & Caribbean,Lower middle income,54881327452.9667,12413315.0,18797,0.9843592062563175,0.11767835292865883,0.04787998084800766,0.11767835292865883,0.20396871841251263,0.04787998084800766,0.6304729478108209,0.3643666542533383,0.01963079214768314,0.9070020046351384,0.06979837208065118,0.0,0.0,0.0,0.0,0.0,0.0,0.0,0.0,954370194.0,1.0967207018621539,336848799.0,4.7283538697772867e-05,0.9417633111873986,0.0042051292310161985,0.0539842760428874,11462774033.0,,,,,,27.1360872579162,0.20886473715169515,,4421.166098899987,8.394158763557042,16.334280244797387,13.0661500585552,2024.0,46.9778716148403,2024.0,70.2368,2023.0,10.9975,2022
TUN,Tunisia,Middle East & North Africa,Lower middle income,51332285656.5422,12277109.0,18797,1.2486567005373197,0.15880193647922541,0.07181997127201149,0.15880193647922541,0.2720646911741235,0.07181997127201149,0.49731340107463956,0.49289780284087886,0.053040378783848485,0.9420564025352864,0.08698196520721392,0.0,0.0,0.0,0.0,0.0,0.0,0.0,0.0,72507820091.0,1.1311046778274325,27302058536.0,1.6266631633935988e-05,0.8538320196952727,0.0019280997804725466,0.14422361389262084,24660322376.0,,,,,,2223.8182080162355,0.48040569517981496,,4181.137893012288,8.33833871168147,16.32324702951405,14.7948868494485,2024.0,106.298549204247,2024.0,72.3542,2023.0,14.1436,2023
SSD,South Sudan,Sub-Saharan Africa,Low income,11997800760.2242,11943408.0,18797,0.17673032930786828,0.01925839229664308,0.0015959993616002555,0.01925839229664308,0.012608394956642018,0.0015959993616002555,0.9665372133851147,0.03330318667872533,0.0012235995105601958,0.4658298953591237,0.017662392935042827,0.0,0.0,0.0,0.0,0.0,0.0,0.0,0.0,27990886.0,0.0322554634390637,71242.0,4.737256262627771e-05,0.9928033003314007,0.00021174749523827148,0.0069375796107347225,672067038.0,,,,,,0.005964964104048024,0.05601585252424556,,1004.5542076620173,6.912299147619266,16.295690052337832,,,,,9.27123,2020.0,0.00174165,2023
BEL,Belgium,Europe & Central Asia,High income,671370081636.406,11858610.0,18795,1.5572758712423518,0.21292897047086992,0.054376163873370575,0.21292897047086992,0.3031125299281724,0.054376163873370575,0.42958233572758714,0.5699920191540303,0.15514764565043895,0.9448504394868759,0.15855280659749935,0.0,0.0,0.0,0.0,0.0,0.0,0.0,0.0,434871976776.0,1.7100683077724625,260613613031.0,0.00037112043226259894,0.919758666493762,0.0038550762581409954,0.0760151368158344,403927620563.0,571288816000000.0,1.823594950264176,0.4980537310264508,0.5019462689735492,1735736000000.0,21976.742049110308,0.6016467394234513,2.58536394080787,56614.567949903576,10.94402161534754,16.288564743990783,11.4375020757029,2024.0,158.931826338067,2024.0,95.7758,2024.0,43.7026,2023
HTI,Haiti,Latin America & Caribbean,Lower middle income,25224154990.7946,11772557.0,18797,0.4902378039048784,0.057030377187849125,0.012129595148161941,0.057030377187849125,0.08767356493057403,0.012129595148161941,0.8431664627334149,0.15582273767090493,0.003883598446560621,0.7596608247471056,0.044900782039687184,0.0,0.0,0.0,0.0,0.0,0.0,0.0,0.0,42221109.0,0.49383032548955547,2799408.0,0.003214505805614912,0.9198824455321626,0.01955493400232571,0.05734811465989678,1037371408.0,,,,,,0.23779099137086362,0.04112611139515208,,2142.623305267887,7.669786200866235,16.281281702880438,26.2315707464341,2024.0,22.2478853726107,2024.0,39.262,2019.0,0.306791,2022
JOR,Jordan,Middle East & North Africa,Lower middle income,53352289577.4648,11552876.0,18797,1.3024950790019685,0.16635633345746662,0.0844283662286535,0.16635633345746662,0.2755758897696441,0.0844283662286535,0.4736394105442358,0.5156141937543225,0.06431877427249029,0.9457828148027594,0.08192796722881311,0.0,0.0,0.0,0.0,0.0,0.0,0.0,0.0,5820061893.0,1.2977001854712062,2441727668.0,5.700918754817098e-05,0.9239274454224434,0.002993426757360431,0.07302211863264801,14791954336.0,,,,,,211.3523652465412,0.27725060073612845,,4618.095924985674,8.437737761674816,16.26244496826465,17.705386647398,2024.0,99.6794477365724,2024.0,92.5344,2023.0,7.03749,2023
DOM,Dominican Republic,Latin America & Caribbean,Upper middle income,124282245638.568,11427557.0,18797,1.243655902537639,0.16013193594722563,0.0755971697611321,0.16013193594722563,0.25972229611108155,0.0755971697611321,0.5045485981805607,0.4857690056923977,0.05389157844336862,0.9402554034831172,0.08453476618609354,0.0,0.0,0.0,0.0,0.0,0.0,0.0,0.0,25947195706.0,1.155896687982533,11319302927.0,2.7878619647237187e-05,0.9291846923336263,0.0016102106552631711,0.06917721839146328,13816855584.0,,,,,,990.5269277589252,0.11117320509464847,,10875.661844309156,9.294282713351855,16.25153827714322,12.4639218694399,2024.0,51.7835143952326,2024.0,91.0022,2024.0,11.1346,2023
ARE,United Arab Emirates,Middle East & North Africa,High income,552324846834.581,10986400.0,18793,1.5056137923694992,0.21215346139520033,0.05012504655988932,0.21215346139520033,0.2931410631618156,0.05012504655988932,0.4445804288830948,0.555206725908583,0.1382961741073804,0.9499152850875289,0.162028414835311,0.0,0.0,0.0,0.0,0.0,0.0,0.0,0.0,325249498602.0,1.7387657551903832,180974339300.0,0.00021779517356514816,0.9529319377222681,0.0018811086062539369,0.04496915849791278,386330128084.0,,,,,,16472.578761013618,0.6994617937217376,,50273.50604698364,10.825233498574942,16.21216870219821,9.37363347602288,2024.0,199.044979237546,2023.0,100.0,2024.0,37.0968,2023
CUB,Cuba,Latin America & Caribbean,Upper middle income,107352000000.0,10979783.0,18797,0.9413204234718306,0.11613555354577858,0.041708783316486676,0.11613555354577858,0.18715752513698994,0.041708783316486676,0.6549981380007448,0.34047986380805445,0.014257594296962281,0.890632577795469,0.0744267702292919,0.0,0.0,0.0,0.0,0.0,0.0,0.0,0.0,21102586.0,1.1155571170282164,5492324.0,4.786143271729825e-06,0.9084479030200374,0.003075784171665027,0.0884715266650258,1073026848.0,,,,,,0.5002215435405235,0.009995406215068187,,9777.242409982055,9.187812761100533,16.211566230644536,10.6773248471059,2024.0,124.863238865053,2024.0,71.275,2023.0,2.97118,2023
CZE,Czechia,Europe & Central Asia,High income,347034062928.479,10905028.0,18797,1.512688194924722,0.21035271585891366,0.04862478055008778,0.21035271585891366,0.29403628238548707,0.04862478055008778,0.4469862212055115,0.5526945789221684,0.14039474384210246,0.9441561063049133,0.16172793530882587,0.0,0.0,0.0,0.0,0.0,0.0,0.0,0.0,688928007079.0,1.7505375551958182,407586331097.0,0.002323238285501237,0.9233808195012936,0.003530374523910305,0.07076556768929489,245965937570.0,114229297000000.0,1.7599421626485192,0.5063593289711534,0.49364067102884657,510153000000.0,37376.00041898104,0.7087659796113203,1.470037251372464,31823.307829056375,10.367954250890413,16.2047345252441,19.8858959477882,2024.0,131.484981069952,2024.0,87.6878,2024.0,37.91,2023
HND,Honduras,Latin America & Caribbean,Lower middle income,37093565854.0437,10825703.0,18797,1.055647177741129,0.13491514603394159,0.050699579720168114,0.13491514603394159,0.22578070968771613,0.050699579720168114,0.5886045645581742,0.40554343778262486,0.028674788530084587,0.9311510315485382,0.08421556631377347,0.0,0.0,0.0,0.0,0.0,0.0,0.0,0.0,11540470859.0,0.6783526080216066,1735920943.0,3.944466439556043e-06,0.7889215804309844,0.003251102356082818,0.20782337274649323,10715426088.0,,,,,,160.3517982157833,0.2888755998860615,,3426.4348332892287,8.139275592397405,16.19743377200745,14.8666617820448,2024.0,91.1101585856976,2024.0,58.2789,2023.0,4.36213,2023
PRT,Portugal,Europe & Central Asia,High income,313271185085.102,10694681.0,18797,1.4907698036920785,0.20178751928499228,0.048145980741607704,0.20178751928499228,0.293823482470607,0.048145980741607704,0.456243017502793,0.543490982603607,0.13299994680002128,0.9419962571577761,0.15364153854338458,0.0,0.0,0.0,0.0,0.0,0.0,0.0,0.0,165717191392.0,1.6006447845386618,89769662896.0,0.0003809743242067026,0.9273257626873985,0.0032244220742072955,0.06906884091418744,85477701856.0,83890588000000.0,1.7353084472360594,0.497458668771131,0.502541331228869,307480000000.0,8393.860732825971,0.27285529574888756,0.9815138277606708,29292.242104753008,10.285077985364373,16.185257073031835,11.7623406083143,2024.0,89.696408854026,2024.0,88.487,2024.0,44.1107,2023
TJK,Tajikistan,Europe & Central Asia,Lower middle income,14204575548.5536,10590927.0,18797,0.8690748523700591,0.12235995105601957,0.031707187317125074,0.12235995105601957,0.14853434058626377,0.031707187317125074,0.6973985210405916,0.30004787998084803,0.01431079427568229,0.878135917960565,0.0906527637388945,0.0,0.0,0.0,0.0,0.0,0.0,0.0,0.0,30580089.0,0.8193883935393386,5928712.0,0.0,0.9474647375944524,0.0043208507339530635,0.04821441167159455,1491769202.0,,,,,,0.5597916027558305,0.10502032932282171,,1341.2022902767246,7.201321722223127,16.175508249157353,14.6125760832401,2023.0,65.6347010367354,2023.0,56.791,2023.0,0.0612833,2022
PNG,Papua New Guinea,East Asia & Pacific,Lower middle income,31800428265.5246,10576502.0,18797,0.4883758046496781,0.06197797520880992,0.013087194765122094,0.06197797520880992,0.07479917008033196,0.013087194765122094,0.850135659945736,0.14826834069266373,0.0034579986168005532,0.7484875108744217,0.048890780443687824,0.0,0.0,0.0,0.0,0.0,0.0,0.0,0.0,889238744.0,0.5465443878590157,107646389.0,0.00019856197358850123,0.934929354585117,0.00728922355636812,0.05758285988492647,15324697030.0,,,,,,10.17788196891562,0.48190222163183166,,3006.705644789232,8.008600288203386,16.174145305907796,1.66044727883439,2023.0,,,24.0667,2023.0,0.214639,2022
SWE,Sweden,Europe & Central Asia,High income,603715224265.798,10569709.0,18792,1.593444018731375,0.22690506598552576,0.05677948063005534,0.22690506598552576,0.301990208599404,0.05677948063005534,0.4143252447850149,0.5852490421455939,0.17124308216262238,0.9538608865249993,0.17012558535547043,0.0,0.0,0.0,0.0,0.0,0.0,0.0,0.0,450921286498.0,1.8557946396875447,299001688291.0,0.0008947550184056115,0.9292124072742315,0.005030953942357436,0.06486188376500546,196215988028.0,315609576000000.0,1.8583443805266542,0.5047927819658811,0.495207218034119,1132602000000.0,28288.54496287457,0.32501414597689837,1.876053401464908,57117.48774406163,10.952865613974476,16.173502826720043,13.0043168773902,2024.0,105.883091480464,2024.0,95.5293,2024.0,40.734,2023
GRC,Greece,Europe & Central Asia,High income,256238371778.118,10405134.0,18797,1.43767622492951,0.19290312283875086,0.04718838112464755,0.19290312283875086,0.28408788636484544,0.04718838112464755,0.47582060967175616,0.5239665904133638,0.11884875246049902,0.9455641109256773,0.1457147417141033,0.0,0.0,0.0,0.0,0.0,0.0,0.0,0.0,42597148783.0,1.5422799599258332,22101254142.0,9.307761465909003e-05,0.9247650216373403,0.004608936574608297,0.07053296417339229,55699496778.0,47726100000000.0,1.6183404049356642,0.48510866245857465,0.5148913375414254,308427000000.0,2124.072034247709,0.21737375394435976,1.2036721817256675,24626.14818589727,10.11156409179176,16.15780989615078,9.0658743329958,2024.0,89.7765279446168,2024.0,86.2697,2024.0,43.854,2023
AZE,Azerbaijan,Europe & Central Asia,Upper middle income,74315882352.9412,10202830.0,18797,1.3544714582114168,0.18737032505186998,0.081236367505453,0.18737032505186998,0.2789274884290046,0.081236367505453,0.4524658190136724,0.5379049848380061,0.07921476831409267,0.9552735576966621,0.10613395754641698,0.0,0.0,0.0,0.0,0.0,0.0,0.0,0.0,2178859162.0,1.360338155257049,1034567938.0,0.00023930872132248444,0.9366459427908631,0.0013521011598086944,0.06176264732800568,32818166043.0,,,,,,101.40009565973362,0.44160366537989654,,7283.849907617905,8.893414834871592,16.138175690752487,5.23837039030529,2024.0,82.6898691594703,2024.0,89.0,2023.0,20.8825,2023
ISR,Israel,Middle East & North Africa,High income,540379921261.681,9974400.0,18796,1.5410193658225155,0.21195999148755054,0.04990423494360502,0.21195999148755054,0.30394764843583744,0.04990423494360502,0.43418812513300703,0.5657586720578847,0.14934028516705683,0.9461274569351026,0.16205575654394552,0.0,0.0,0.0,0.0,0.0,0.0,0.0,0.0,254664574374.0,1.7845997011251347,169337432592.0,0.000347053975674692,0.9259947005886967,0.002905460391649754,0.0707527850439789,69982047884.0,,,,,,16977.20490375361,0.12950527051524352,,54176.68443833023,10.90000591846075,16.115532368555154,11.1290426476645,2024.0,54.4520002969727,2024.0,88.1824,2024.0,29.4357,2023
HUN,Hungary,Europe & Central Asia,High income,222722738925.641,9562065.0,18797,1.4680002127999148,0.20412831834867265,0.04585838165664734,0.20412831834867265,0.2856838857264457,0.04585838165664734,0.4643294142682343,0.5355109857956056,0.13230834707666117,0.9556311777653423,0.15826993669202533,0.0,0.0,0.0,0.0,0.0,0.0,0.0,0.0,432569940280.0,1.6616428135569015,232309644825.0,0.0005590584122499673,0.9251764137238723,0.003913920021590272,0.07035060784228749,160624577817.0,83015954000000.0,1.7064184192835994,0.4961445645689973,0.5038554354310028,292378000000.0,24294.924247534396,0.7211862542271748,1.3127442730381218,23292.32638824783,10.05587924574943,16.07331426588614,15.8039940838573,2024.0,146.504561505902,2024.0,93.779,2024.0,36.7902,2023
TGO,Togo,Sub-Saharan Africa,Low income,10651180146.531,9515236.0,18797,0.6860669255732298,0.08352396659041336,0.02292919082832367,0.08352396659041336,0.11278395488641804,0.02292919082832367,0.7807628876948449,0.21668351332659466,0.008033196786721285,0.8251538723218843,0.06059477576208969,0.0,0.0,0.0,0.0,0.0,0.0,0.0,0.0,306834618.0,0.7091370472415208,46267905.0,2.2223698370305793e-05,0.9652809416700172,0.0019285633539563648,0.032768271277656164,5525799201.0,,,,,,4.8625073513678485,0.5187968962105769,,1119.381605094293,7.020531673495986,16.06840486134752,11.4100893223643,2024.0,61.575092396894,2022.0,37.0223,2023.0,1.22816,2023
AUT,Austria,Europe & Central Asia,High income,534790720466.822,9177982.0,18797,1.536787785284886,0.20593711762515296,0.05511517795392882,0.20593711762515296,0.30100547959780816,0.05511517795392882,0.43794222482311007,0.5617917752832899,0.14512954194818323,0.9376421527658482,0.15082193967122415,0.0,0.0,0.0,0.0,0.0,0.0,0.0,0.0,531408412820.0,1.7308292363176216,312706542457.0,0.0005593183074063927,0.9169930881317432,0.01222893912709133,0.07021865443375915,216610050008.0,250824749000000.0,1.7928160231110208,0.5004823830702216,0.4995176169297784,991746000000.0,34071.38327978852,0.40503703919716444,1.8544562611974624,58268.878765160145,10.972823417891926,16.0323179127234,15.1337527310645,2024.0,108.825777834405,2024.0,94.9197,2024.0,29.3725,2023
BLR,Belarus,Europe & Central Asia,Upper middle income,75961865471.9129,9132629.0,18797,1.4284194286322285,0.20599031760387296,0.0793211682715327,0.20599031760387296,0.29371708251316697,0.0793211682715327,0.42097143161142736,0.5692929722828111,0.10155875937649625,0.9658459228105762,0.12666914933234025,0.0,0.0,0.0,0.0,0.0,0.0,0.0,0.0,7693504032.0,1.4132350792014248,3511525825.0,0.00019856192882281186,0.9162279438186691,0.0015697346683342843,0.08200375958417383,7666058207.0,,,,,,384.5032821326696,0.10091982548578332,,8317.633999137915,9.026133118269371,16.027364162928215,20.311752291688,2024.0,131.91792910245,2024.0,94.2618,2024.0,35.0932,2023
CHE,Switzerland,Europe & Central Asia,High income,936564198048.516,9005582.0,18794,1.5434181121634565,0.2077258699584974,0.054804724912206025,0.2077258699584974,0.29972331595189955,0.054804724912206025,0.43774608917739705,0.5617218261147174,0.15047355539001808,0.9416031632268212,0.15292114504629137,0.0,0.0,0.0,0.0,0.0,0.0,0.0,0.0,458627272666.0,1.8369853282985051,306093712769.0,0.0004769480797085102,0.9212555431732891,0.011104290569978453,0.06716321817702392,391410569938.0,75555111000000.0,1.8330481176845865,0.5186395539002098,0.48136044609979023,251939000000.0,33989.331591117596,0.4179217727450693,0.2690034495499144,103998.1866856041,11.55212874225616,16.013355165264404,17.6911811558258,2024.0,134.09514852061,2024.0,97.3444,2023.0,47.6963,2023
SLE,Sierra Leone,Sub-Saharan Africa,Low income,6971127235.3123,8642022.0,18797,0.45400861839655265,0.049635580145767945,0.011703995318401873,0.049635580145767945,0.05974357610256956,0.011703995318401873,0.8789168484332607,0.11948715220513911,0.0035643985742405703,0.7078959609472614,0.03793158482736607,0.0,0.0,0.0,0.0,0.0,0.0,0.0,0.0,219549623.0,0.44476852961847263,18202162.0,0.00019439341055028822,0.9298790551783366,0.010437376155275839,0.059489175255837266,1562828119.0,,,,,,2.1062387945783985,0.22418585491934245,,806.6546504177263,6.692895634195301,15.972147141177787,6.95777964674362,2024.0,40.5454450452166,2024.0,20.635,2023.0,0.00227312,2021
LAO,Lao PDR,East Asia & Pacific,Lower middle income,16502933121.3379,7769819.0,18797,0.7266053093578763,0.0956003617598553,0.02292919082832367,0.0956003617598553,0.11698675320529872,0.02292919082832367,0.7644836942065223,0.231313507474597,0.007713996914401234,0.8319453325655599,0.07267117093153164,0.0,0.0,0.0,0.0,0.0,0.0,0.0,0.0,3374601807.0,1.1383463912783947,1422895473.0,3.880754159745521e-06,0.9440549173510236,0.0002656852723009284,0.05567551662251569,10591755013.0,,,,,,183.1310964901499,0.6418104548521204,,2123.9790941510864,7.661046539634993,15.865757427349209,9.05367016557271,2024.0,,,63.6255,2023.0,2.72021,2023
HKG,"Hong Kong SAR, China",East Asia & Pacific,High income,406863396487.342,7524100.0,18797,1.5238069904772038,0.2093951162419535,0.0505931797627281,0.2093951162419535,0.2958450816619673,0.0505931797627281,0.4441666223333511,0.5554077778368889,0.1419375432249827,0.9382883217986461,0.15880193647922541,0.0,0.0,0.0,0.0,0.0,0.0,0.0,0.0,215737680252.0,1.878353244095584,138762461219.0,0.00016204793228129607,0.9231068149818663,0.0021599236788663865,0.074571213406986,107112615513.0,23279218000000.0,1.7942136630190928,0.5384550325279152,0.4615449674720849,222226000000.0,18442.399917465213,0.26326432025529334,0.5461931496384038,54074.692851948006,10.89812157076718,15.8336217601175,0.934397532797454,2024.0,359.506710667464,2024.0,95.9778,2023.0,39.884,2023
TKM,Turkmenistan,Europe & Central Asia,Upper middle income,51387209872.2994,7494498.0,18797,0.9483960206415918,0.15002393999042402,0.03080278767888493,0.15002393999042402,0.17226153109538755,0.03080278767888493,0.6469117412353035,0.3513326594669362,0.019790392083843165,0.9114646981326431,0.11922115231153908,0.0,0.0,0.0,0.0,0.0,0.0,0.0,0.0,224095823.0,1.0348878925779887,60995264.0,0.0,0.9356960437410741,0.0012891985050520107,0.06301475775387388,15192734330.0,,,,,,8.138672396736913,0.2956520575402896,,6856.658027302082,8.832975433983265,15.829679709290387,17.9621538458978,2024.0,28.7346076303052,2024.0,,,5.21711,2022
LBY,Libya,Middle East & North Africa,Upper middle income,48487151215.345,7381023.0,18797,0.8924828430068628,0.12390275043889983,0.029685588125764748,0.12390275043889983,0.1793371282651487,0.029685588125764748,0.6670745331701867,0.32957386817045276,0.017715592913762835,0.9088274456359726,0.09421716231313508,0.0,0.0,0.0,0.0,0.0,0.0,0.0,0.0,40200880.0,1.0672347968502183,13817331.0,0.0,0.9056611696062374,0.0007215513690247577,0.09361727902473777,35576080159.0,,,,,,1.8720075794371593,0.7337218060305642,,6569.16408678648,8.790141871540236,15.814422804856262,,,128.816175842936,2024.0,88.4989,2023.0,4.51841,2022
KGZ,Kyrgyz Republic,Europe & Central Asia,Lower middle income,17478259659.2625,7221868.0,18797,1.050539979784008,0.14055434377826248,0.05165717933712827,0.14055434377826248,0.20460711815715274,0.05165717933712827,0.6031813587274565,0.38995584401766237,0.024471990211203914,0.9081329085214148,0.08889716444113421,0.0,0.0,0.0,0.0,0.0,0.0,0.0,0.0,2760258571.0,1.2496039919008008,1081174799.0,0.000980880207544875,0.912704979695904,0.02269388152911563,0.06362025856743549,3824739177.0,,,,,,149.7084686399696,0.21882837602616242,,2420.185422838316,7.791599437223061,15.792624203167044,12.6145669633027,2024.0,127.650577802859,2024.0,88.4701,2023.0,6.44653,2023
PRY,Paraguay,Latin America & Caribbean,Upper middle income,44458118397.4445,6929153.0,18797,1.2048199180720327,0.1610895355641858,0.07304357078257169,0.1610895355641858,0.23849550460179816,0.07304357078257169,0.5273713890514444,0.46289301484279405,0.045645581741767305,0.9282226240194699,0.0880459647816141,0.0,0.0,0.0,0.0,0.0,0.0,0.0,0.0,2982148194.0,1.045320936857506,828982001.0,4.3390868455278384e-05,0.778943173807948,0.0020845526766601727,0.21892888264693663,12494322370.0,,,,,,119.63684464753484,0.28103578874625035,,6416.09708970844,8.76656528186771,15.75124814147412,19.0225604692616,2024.0,76.8311565430624,2024.0,81.5781,2024.0,12.8836,2023
NIC,Nicaragua,Latin America & Caribbean,Lower middle income,19693982967.5926,6916140.0,18797,0.9574932170027132,0.12837154865138053,0.03904878438048625,0.12837154865138053,0.18268872692450924,0.03904878438048625,0.649890940043624,0.3456402617438953,0.021013991594403363,0.903347356370689,0.08932276427089428,0.0,0.0,0.0,0.0,0.0,0.0,0.0,0.0,7625718932.0,0.5465270524869641,159074024.0,1.5148079942372573e-05,0.7685238133295522,0.0001206679669425823,0.23134037062356286,7920530570.0,,,,,,23.00040542846154,0.4021802285009393,,2847.5396633949863,7.954210624423619,15.749368368495412,13.5056664041759,2024.0,98.5258377100159,2024.0,58.2314,2023.0,5.43031,2023
SRB,Serbia,Europe & Central Asia,Upper middle income,90097765959.1114,6586476.0,18797,1.43709102516359,0.1924243230302708,0.10070755971697612,0.1924243230302708,0.2931850827259669,0.10070755971697612,0.4136830345267862,0.5714741714103314,0.10054795978081608,0.9576014789575982,0.09171676331329467,0.0,0.0,0.0,0.0,0.0,0.0,0.0,0.0,75639205491.0,1.3413062424098539,33600201842.0,0.00013915812483319148,0.8838499563689184,0.002476131971300058,0.1135347535349484,32635035535.0,30070436000000.0,1.6501414878054976,0.5064988152951448,0.4935011847048552,115621000000.0,5101.392890826597,0.3622180326847459,1.2832837614694206,13679.206598355691,9.523632192298418,15.700529013828483,12.6868258020276,2024.0,111.725028388916,2024.0,87.6907,2024.0,31.2695,2023
BGR,Bulgaria,Europe & Central Asia,High income,113343355779.985,6441421.0,18797,1.480821407671437,0.2011491195403522,0.1006011597595361,0.2011491195403522,0.30292067883172846,0.1006011597595361,0.39532904186838325,0.5921689631324147,0.1156035537585785,0.9668203077886626,0.1005479597808161,0.0,0.0,0.0,0.0,0.0,0.0,0.0,0.0,97349226974.0,1.4341545999465206,48427611995.0,0.0008296366546554145,0.9358102443826397,0.004053350799646176,0.059306768163058715,51417117300.0,27493275000000.0,1.7447946452359713,0.5232869227454852,0.47671307725451484,115774000000.0,7518.156629569779,0.45364032982936975,1.021444964314743,17596.017366352084,9.77542786941698,15.678259725914339,,,110.22631455921,2024.0,82.439,2024.0,37.0236,2023
SLV,El Salvador,Latin America & Caribbean,Upper middle income,35364960000.0,6338193.0,18797,1.199233920306432,0.16343033462786616,0.06463797414481035,0.16343033462786616,0.24067670372931851,0.06463797414481035,0.531254987498005,0.46182901526839387,0.04984838006064798,0.9402784031723148,0.09879236048305581,0.0,0.0,0.0,0.0,0.0,0.0,0.0,0.0,2922632373.0,1.0861250570976277,783868088.0,0.000264392472737453,0.8842078568873774,0.0016215063665826301,0.11390624427330259,6664033694.0,,,,,,123.6737486535989,0.18843605913876335,,5579.659691650286,8.626883066356116,15.662104270015824,12.0454823079116,2024.0,84.6596461582312,2024.0,67.6558,2023.0,11.6272,2023
COG,"Congo, Rep.",Sub-Saharan Africa,Lower middle income,15719986076.6464,6332961.0,18797,0.6204713518114593,0.08219396712241316,0.01532159387136245,0.08219396712241316,0.1019311592275363,0.01532159387136245,0.8005532797786881,0.19710592115763154,0.0070223971910411236,0.8110413580528104,0.0668723732510507,0.0,0.0,0.0,0.0,0.0,0.0,0.0,0.0,9693235022.0,0.587520490948022,1700218085.0,1.3588858590660922e-06,0.9870933630809473,0.00015735221487338862,0.012747925818320264,13217349926.0,,,,,,268.4712703899487,0.8407990860523525,,2482.2489948456023,7.816920280976811,15.661278457260751,12.8531970155196,2020.0,93.1881220839752,2024.0,38.3791,2023.0,1.26798,2023
SGP,Singapore,East Asia & Pacific,High income,547386645891.847,6036860.0,18794,1.6244014047036288,0.2292220921570714,0.05395338937958923,0.2292220921570714,0.31887836543577736,0.05395338937958923,0.397946153027562,0.6016813876769181,0.1709056081728211,0.934187716224971,0.17526870277748216,0.0,0.0,0.0,0.0,0.0,0.0,0.0,0.0,939551328485.0,1.9144210195321079,605070244330.0,7.427665406266748e-05,0.8404828289267937,0.019225461775597266,0.14021743264354639,323878015486.0,73915787000000.0,1.9311635956740878,0.5391471064219252,0.46085289357807485,232548000000.0,100229.29872980324,0.5916805203720517,0.4248331627110008,90674.06663262805,11.41502667055115,15.613394567183342,16.3327049348535,2024.0,322.371427934716,2024.0,94.3776,2024.0,27.4344,2023
DNK,Denmark,Europe & Central Asia,High income,424524722037.047,5976992.0,18797,1.6022769590892163,0.22673830930467628,0.05708357716656913,0.22673830930467628,0.3056338777464489,0.05708357716656913,0.4105442357823057,0.5891365643453743,0.1725275309889876,0.9504571311257173,0.16965473213810717,0.0,0.0,0.0,0.0,0.0,0.0,0.0,0.0,239017204618.0,1.913620733026324,164601712401.0,0.0010800748607724226,0.9227547843072315,0.010298059861146226,0.06586708097084988,123921508362.0,259283070000000.0,1.8334518755891003,0.4958992799033726,0.5041007200966274,889183000000.0,27539.22247193906,0.2919064589863526,2.0945376178172346,71026.4832271897,11.170808089674908,15.603427989341384,17.8578664866005,2024.0,131.765030975207,2024.0,99.7692,2024.0,44.0345,2023
FIN,Finland,Europe & Central Asia,High income,298696961297.656,5619911.0,18797,1.5861573655370538,0.22583390966643613,0.05612597754960898,0.22583390966643613,0.2994094802362079,0.05612597754960898,0.41863063254774696,0.5807841676863329,0.16768633292546684,0.950039917247765,0.16970793211682716,0.0,0.0,0.0,0.0,0.0,0.0,0.0,0.0,223193418389.0,1.815015418550376,150301577960.0,0.00033649820206213337,0.9366990182148834,0.004603598356154035,0.058360885226900444,88218803249.0,117555334000000.0,1.8977297448706156,0.5276422221484183,0.47235777785158173,403246000000.0,26744.47655131905,0.29534549955159617,1.3500170816875479,53149.76719340502,10.880869003579974,15.541826385445546,14.2327051090182,2024.0,83.4601015353507,2024.0,93.5139,2023.0,35.3318,2023
NOR,Norway,Europe & Central Asia,High income,483592648313.301,5572279.0,18797,1.575517369793052,0.22083311166675534,0.05474277810288876,0.22083311166675534,0.29919668032132785,0.05474277810288876,0.425227429909028,0.5745597701760919,0.1650263339894664,0.9499932965992364,0.1660903335638666,0.0,0.0,0.0,0.0,0.0,0.0,0.0,0.0,103413827813.0,1.7728629523947743,65405036232.0,0.0005018851453197586,0.9425770821989291,0.00456461694710289,0.05235641570864826,185483265463.0,4763262000000.0,1.8993362111930858,0.5652932406845266,0.4347067593154735,37151000000.0,11737.573842228647,0.38355269897079275,0.07682292137727309,86785.43344891758,11.371194069156742,15.533314684415792,6.17077761908446,2024.0,81.3635091827243,2024.0,99.0,2023.0,45.4377,2023
SVK,Slovak Republic,Europe & Central Asia,High income,140934076532.375,5422069.0,18797,1.5263605894557641,0.20960791615683352,0.1106559557376177,0.20960791615683352,0.3036122785550886,0.1106559557376177,0.3761238495504602,0.6054157578336968,0.12837154865138053,0.9596362074687116,0.09895196041921582,0.0,0.0,0.0,0.0,0.0,0.0,0.0,0.0,225838932090.0,1.5422758100547305,113132529869.0,0.0006864691732522795,0.9011812478456712,0.005279166045316204,0.0928531169357603,121653777712.0,39988304000000.0,1.7514644031914932,0.49925694479207594,0.5007430552079241,154959000000.0,20865.195531263067,0.8631963305485882,1.0995140693628005,25992.674850204785,10.165570040777842,15.505988034891164,16.327904870625,2024.0,171.212800151635,2024.0,89.8251,2024.0,33.1726,2023
IRL,Ireland,Europe & Central Asia,High income,609157459747.205,5395790.0,18797,1.5169441932223227,0.20513911794435283,0.05256157897536841,0.20513911794435283,0.29419588232164706,0.05256157897536841,0.4481034207586317,0.5516837793264883,0.14348034260786297,0.9450467908817148,0.1525775389689844,0.0,0.0,0.0,0.0,0.0,0.0,0.0,0.0,306848977479.0,1.8243964872013052,188602160750.0,0.00011486983039535228,0.9255338776562689,0.0012435854508464682,0.07310766706248926,235762346883.0,599563989000000.0,1.8169324759095897,0.5218650691067006,0.47813493089329945,2608934000000.0,34953.57690903464,0.387030222006703,4.2828565229796,112894.95324080532,11.6342130479943,15.501129577835643,29.5649973541217,2024.0,246.169874857401,2024.0,96.4974,2023.0,31.8911,2023
NZL,New Zealand,East Asia & Pacific,High income,260172385097.616,5287500.0,18797,1.5024737990104804,0.19918072032771186,0.049635580145767945,0.19918072032771186,0.2949938820024472,0.049635580145767945,0.456189817524073,0.543437782624887,0.13964994414002235,0.9436745329335524,0.14954514018194393,0.0,0.0,0.0,0.0,0.0,0.0,0.0,0.0,25463218352.0,1.6407104406234092,13575051727.0,0.00021329817483866503,0.9358551620057992,0.018012693315492642,0.045918846503869466,44520371657.0,,,,,,2567.3856694089836,0.1711187435987723,,49205.17921467915,10.803754165531089,15.48085610233667,8.89986099923003,2022.0,51.224397222513,2024.0,96.1638,2023.0,37.8531,2023
OMN,Oman,Middle East & North Africa,High income,107137198769.386,5281538.0,18797,1.4239506304197478,0.19178592328563068,0.09655796137681545,0.19178592328563068,0.29174868330052667,0.09655796137681545,0.4199074320370272,0.5675373729850508,0.09586636165345534,0.95648075000539,0.09522796190881523,0.0,0.0,0.0,0.0,0.0,0.0,0.0,0.0,28676859436.0,1.3347240404557668,12993316427.0,4.28559829831709e-05,0.9391406469423544,0.0016737318501392677,0.05914276522452317,75266049859.0,,,,,,2460.1387752961355,0.7025202331546021,,20285.227289737573,9.917648180395993,15.479727901145155,10.0021187791119,2024.0,114.852671522017,2024.0,95.2517,2024.0,10.8793,2023
CRI,Costa Rica,Latin America & Caribbean,High income,95350423176.5962,5129910.0,18797,1.4604458158216738,0.19348832260467097,0.10522955790817684,0.19348832260467097,0.29717508112996754,0.10522955790817684,0.40410703835718464,0.5780709687716125,0.11235835505665798,0.965980948383816,0.08825876469649413,0.0,0.0,0.0,0.0,0.0,0.0,0.0,0.0,54086168008.0,1.4307839626122842,30315621275.0,2.977674439353489e-06,0.9128732033982703,0.0005903770996547026,0.08653344182763571,21497741716.0,,,,,,5909.581508252581,0.22546037028262111,,18587.153220348155,9.830225933989029,15.450598673133408,12.9639765989781,2024.0,71.3310137687617,2024.0,85.3951,2023.0,22.5231,2023
KWT,Kuwait,Middle East & North Africa,High income,160227273053.334,4897263.0,18797,1.474863010054796,0.2042879182848327,0.09820716071713571,0.2042879182848327,0.2962706814917274,0.09820716071713571,0.4012342395063042,0.5851997659200936,0.11586955365217853,0.9661883139822196,0.10608075756769698,0.0,0.0,0.0,0.0,0.0,0.0,0.0,0.0,10568555538.0,1.4113555076063602,5109274035.0,0.00020727894101737937,0.945902057481339,0.0006934178444395851,0.053197245733204,85755991203.0,,,,,,1043.2917396921505,0.5352146957806294,,32717.718663125506,10.39567206527631,15.404187035593147,7.9982179419611,2024.0,96.0797881582,2023.0,99.7473,2023.0,1.01366,2023
HRV,Croatia,Europe & Central Asia,High income,92983810328.9088,3866200.0,18797,1.4798638080544768,0.1987551204979518,0.10757035697185721,0.1987551204979518,0.30042027983188807,0.10757035697185721,0.39325424269830295,0.5899345640261744,0.10959195616321754,0.9529448412002651,0.09118476352609459,0.0,0.0,0.0,0.0,0.0,0.0,0.0,0.0,46872519955.0,1.4916262568797918,24445167045.0,0.00031985459741429425,0.9140931890611854,0.004349848636167699,0.08123710770523261,24125522914.0,23310007000000.0,1.7096544415452128,0.5145793743167689,0.485420625683231,188950000000.0,6322.789055144586,0.25945939221743575,2.0320741786299457,24050.439793313537,10.087908561990972,15.167782670469729,10.4777055033801,2024.0,104.912326073253,2024.0,83.6324,2024.0,28.471,2023
QAT,Qatar,Middle East & North Africa,High income,219162637362.637,2857822.0,18797,1.4385806245677502,0.1967867212853115,0.04644358142256743,0.1967867212853115,0.2843006862797255,0.04644358142256743,0.4724690110123956,0.5274777890088844,0.12033835186465926,0.9515121631710325,0.15034313986274406,0.0,0.0,0.0,0.0,0.0,0.0,0.0,0.0,7805118279.0,1.4954244496721996,3740989149.0,0.00023072270472123104,0.9387484469919845,0.0010852263472790353,0.05993560395601533,121174791113.0,,,,,,1309.0350445199176,0.5528989456012906,,76688.69417431772,11.24750957328727,14.865570354216782,8.07331100392102,2024.0,100.213640845612,2022.0,99.6528,2023.0,11.6411,2023
