iso3,country_name,region,income_level,mean_task_exposure,share_exposed,share_high_exposure,substitution_share,augmentation_share,sub_only_share,both_share,aug_only_share,neither_share,substitution_minus_augmentation,task_exposure_sd,gdp,population,gdp_per_capita,log_gdp_per_capita,log_population,goods_trade_openness,services_trade_openness,goods_trade_automation_intensity,goods_trade_value_per_capita_exposed,goods_autonomous_execution_trade_share,goods_supervised_machine_trade_share,goods_human_uses_tool_trade_share,llm_dominant_share,robotics_physical_dominant_share,software_rules_dominant_share,domain_tools_dominant_share,turnkey_share,configure_and_train_share,integration_and_data_share,capex_and_governance_share,manufacturing_value_added_pct_gdp,trade_pct_gdp,internet_users_pct,fixed_broadband_per_100,sub_only_share_exposed,aug_only_share_exposed,both_share_exposed,country_name_owid,year,informal_share,owid_gdp_pc,owid_population,owid_region,informal_share_pp,share_exposed_pp,sub_only_share_pp,aug_only_share_pp,both_share_pp,substitution_share_pp,augmentation_share_pp,sub_minus_aug_pp,sub_only_share_exposed_pp,aug_only_share_exposed_pp
IND,India,South Asia,Lower middle income,1.380752247699101,0.5008245996701601,0.10778315688673724,0.18220992711602915,0.03995318401872639,0.18220992711602915,0.2789274884290046,0.03995318401872639,0.4989094004362398,0.14225674309730277,0.952395561235063,3909891533858.08,1450935791,2694.737808599609,7.899056190521105,21.09547455831868,0.119376953054356,NA,1.3974982578736452,185.90617342900737,3.9924978581174e-4,0.00544623494464779,0.9216162061578812,0,0,0,0,0,0,0,0,12.6085653310554,44.6492935069676,55.9,2.74535,0.36381984278733803,0.07977480348417251,0.5569364775865732,India,2023,88.76,9301.756,1438069597,Asia,88.76,50.082459967016014,18.220992711602914,3.9953184018726393,27.89274884290046,18.220992711602914,3.9953184018726393,14.225674309730277,36.3819842787338,7.977480348417251
IDN,Indonesia,East Asia & Pacific,Upper middle income,1.3105081138600692,0.47315775472200056,0.08762968874700719,0.17110933758978453,0.03463687150837988,0.17110933758978453,0.26762436818302743,0.03463687150837988,0.5266294227188082,0.13647246608140465,0.9433508688706568,1396300098190.97,283487931,4925.430487518603,8.502166958419496,19.46268010879732,0.2103460319880535,NA,1.4559049661399737,330.88574113583695,5.0048372971994e-4,0.00160551341098892,0.9101373517474302,0,0,0,0,0,0,0,0,18.9840269851832,42.572647301834,72.7808,4.81664,0.36163274485550434,0.0732036433149668,0.5656134038007422,Indonesia,2023,81.19,13889.975,281190068,Asia,81.19,47.31577547220006,17.110933758978454,3.463687150837988,26.762436818302742,17.110933758978454,3.463687150837988,13.647246608140465,36.16327448555043,7.32036433149668
PAK,Pakistan,South Asia,Lower middle income,1.086556365377454,0.3826674469330213,0.04154918338032665,0.13417034633186148,0.02505718997712401,0.13417034633186148,0.22343991062403576,0.02505718997712401,0.6173325530669788,0.10911315635473746,0.9151411135024696,371570000121.266,251269164,1478.772779779957,7.298967819927931,19.342035289055666,0.0986375805421283,NA,0.984753847721948,4.358671356903946,5.434400363721261e-5,0.0030583288652608,0.9181524762550276,0,0,0,0,0,0,0,0,13.1538180941054,27.5784683520695,27.3759,1.35622,0.35061865702766576,0.06548032809676073,0.5839010148755734,Pakistan,2021,84.27,5367.2734,239477805,Asia,84.27,38.26674469330213,13.417034633186148,2.505718997712401,22.343991062403575,13.417034633186148,2.505718997712401,10.911315635473747,35.061865702766575,6.548032809676073
NGA,Nigeria,Sub-Saharan Africa,Lower middle income,0.963026014789594,0.33271266691493323,0.02846198861520455,0.11650795339681864,0.01931159227536309,0.11650795339681864,0.1968931212427515,0.01931159227536309,0.6672873330850667,0.09719636112145556,0.9027071495888084,252261880141.151,232679478,1084.1604180543632,6.988561158185597,19.26517243357987,0.24901682375415193,NA,1.1878637521055782,5.451200298807615,1.4610130493454e-4,0.00118505328558961,0.9401174685297742,0,0,0,0,0,0,0,0,8.65727818020008,NA,39.2136,0.0512838,0.35017588743204353,0.05804285257435241,0.5917812599936041,Nigeria,2023,92.96,7843.8345,227882949,Africa,92.96,33.271266691493324,11.650795339681865,1.931159227536309,19.689312124275148,11.650795339681865,1.931159227536309,9.719636112145556,35.01758874320436,5.804285257435241
BRA,Brazil,Latin America & Caribbean,Upper middle income,1.469533287211963,0.5355223245170561,0.1321377255068916,0.20334202543770952,0.04331860997285935,0.20334202543770952,0.28907455696876166,0.04331860997285935,0.46426480762066946,0.1600234154648502,0.953729917770038,2185821648943.86,211998573,10310.54887781655,9.24092281301553,19.17209010148156,0.16054907953883715,NA,1.5878726383292014,617.0344115618175,8.2336711388544e-4,0.00352302243452933,0.909746293686129,0,0,0,0,0,0,0,0,12.1108065155746,35.5845239385389,84.4635,22.4192,0.3797078406041935,0.08089039053960052,0.5397992646328132,Brazil,2024,36.5,19652.365,211998565,South America,36.5,53.552232451705606,20.334202543770953,4.3318609972859345,28.907455696876166,20.334202543770953,4.3318609972859345,16.00234154648502,37.97078406041935,8.089039053960052
BGD,Bangladesh,South Asia,Lower middle income,0.9677608128956748,0.33308506676597327,0.02537638984944406,0.11831675267329891,0.01798159280736287,0.11831675267329891,0.1968399212640315,0.01798159280736287,0.6668617332553067,0.10033515986593604,0.8937983636418788,450119432068.852,173562364,2593.416116807743,7.860731249643073,18.972047539451584,0.12774634254004927,NA,0.7567676976864408,2.341330600912995,2.260445673857437e-5,0.00157208252018329,0.924276168216459,0,0,0,0,0,0,0,0,21.8929603584194,26.7780758040478,44.5027,7.89246,0.35521482191343234,0.053984986423893926,0.590959910557419,Bangladesh,2022,84.91,7888.164,169384891,Asia,84.91,33.308506676597325,11.831675267329892,1.798159280736287,19.683992126403147,11.831675267329892,1.798159280736287,10.033515986593605,35.52148219134323,5.398498642389392
RUS,Russian Federation,Europe & Central Asia,High income,1.474140683196765,0.5404916462700862,0.13541555815685857,0.21395126104075768,0.0398531446206236,0.21395126104075768,0.286793657550282,0.0398531446206236,0.4594019367883367,0.17409811642013406,0.9610907628879528,2173835806671.66,143533851,15145.108917001467,9.62543291504997,18.782081460815373,0.1867176248078551,NA,1.6482960613850446,269.71021154445305,5.5720800857083e-4,0.00230667745590003,0.9057499632189968,0,0,0,0,0,0,0,0,13.2536575793102,39.5081647660396,94.365,25.8239,0.39584563890529634,0.07373498720220516,0.5306162630439063,Russia,2023,17.18,39887.34,145440502,Europe,17.18,54.049164627008615,21.395126104075768,3.98531446206236,28.6793657550282,21.395126104075768,3.98531446206236,17.409811642013405,39.58456389052964,7.373498720220516
ETH,Ethiopia,Sub-Saharan Africa,Not classified,0.7179869128052349,0.22083311166675537,0.00930999627600149,0.0868755652497739,0.00968239612704154,0.0868755652497739,0.12427515028993988,0.00968239612704154,0.7791668883332447,0.07719316912273234,0.825462242796822,149740297952.986,132059767,1133.8827968171863,7.033403125169596,18.698765158379604,0.02628519364396999,NA,0.7149744865648744,1.3149495939970877,9.63655407380473e-6,0.00180966168220999,0.8508755250433446,0,0,0,0,0,0,0,0,4.39391406328772,17.4004358583187,16.6981,0.451577,0.3933991809202601,0.043844856661045484,0.5627559624186942,Ethiopia,2021,85.21,2588.413,122138588,Africa,85.21,22.083311166675536,8.68755652497739,0.9682396127041539,12.427515028993987,8.68755652497739,0.9682396127041539,7.719316912273235,39.33991809202601,4.384485666104548
MEX,Mexico,Latin America & Caribbean,Upper middle income,1.416631198127261,0.5158012343051713,0.11529048733773144,0.19184932964460524,0.03926367312194084,0.19184932964460524,0.2847946371568419,0.03926367312194084,0.4840923600766121,0.1525856565226644,0.9500271914956172,1856365616165.94,130861007,14185.78122485287,9.559995419737916,18.689646302623085,0.3343499142135145,NA,1.5766274879172322,8118.575460549528,7.6381045384991e-4,0.00182176372029275,0.9178153133878943,0,0,0,0,0,0,0,0,19.8017537671375,74.5889079825143,81.1832,20.0882,0.37194430118617844,0.07612171222279525,0.5521402784940691,Mexico,2023,56.33,21917.248,129739761,North America,56.33,51.58012343051713,19.184932964460526,3.926367312194084,28.47946371568419,19.184932964460526,3.926367312194084,15.258565652266439,37.194430118617845,7.612171222279525
EGY,"Egypt, Arab Rep.",Middle East & North Africa,Lower middle income,1.2836622865350853,0.46331861467255414,0.07841676863329254,0.16704793318082672,0.03596318561472575,0.16704793318082672,0.2604670958131617,0.03596318561472575,0.5365217853912858,0.13108474756610097,0.9360436552537922,389059911003.566,116538258,3338.473713958947,8.113269009658703,18.57373017191003,0.13389252537643886,NA,1.1389527752977964,68.63160448133694,4.25464331902211e-5,0.00159830926789094,0.916132893930024,0,0,0,0,0,0,0,0,13.8934615296088,39.6007520873733,72.6899,10.8645,0.36054656102882077,0.07762085199219197,0.562177058215639,Egypt,2023,71.33,16691.387,114535772,Africa,71.33,46.331861467255415,16.70479331808267,3.5963185614725752,26.04670958131617,16.70479331808267,3.5963185614725752,13.108474756610097,36.05465610288208,7.7620851992191975
COD,"Congo, Dem. Rep.",Sub-Saharan Africa,Low income,0.3983082406767038,0.10778315688673724,0.00436239825504069,0.05426397829440868,0.00303239878704048,0.05426397829440868,0.05048677980528807,0.00303239878704048,0.8922168431132628,0.05123157950736819,0.6875134128723381,70962185790.7094,109276265,649.383338556725,6.476023202666871,18.509389774944975,0.30312094315189736,NA,0.7554651818436475,0.948985948595516,3.337700001936936e-5,4.6023039754552e-4,0.9115058978307012,0,0,0,0,0,0,0,0,8.21811392729758,100.554088317275,30.548,0.0219936,0.5034550839091807,0.0281342546890424,0.46841066140177684,Democratic Republic of Congo,2020,96.76,1361.028,95990000,Africa,96.76,10.778315688673725,5.426397829440869,0.303239878704048,5.048677980528807,5.426397829440869,0.303239878704048,5.123157950736819,50.34550839091807,2.81342546890424
VNM,Viet Nam,East Asia & Pacific,Lower middle income,1.337873064850774,0.4826302069479172,0.09134436346225462,0.1768367292653083,0.03553758578496568,0.1768367292653083,0.2705750917699633,0.03553758578496568,0.5170505931797628,0.1412991434803426,0.937340170345016,476388230307.175,100987686,4717.290287324487,8.45898982205734,18.430509146580512,0.8779959851617274,NA,1.7590656490514949,7262.382683488757,1.0546022876648e-4,8.5092827804292e-4,0.9452140034688096,0,0,0,0,0,0,0,0,24.4304272603192,173.862024782965,84.15,22.6807,0.36640211640211645,0.0736331569664903,0.560626102292769,Vietnam,2023,67.66,13545.935,100352189,Asia,67.66,48.26302069479172,17.68367292653083,3.5537585784965677,27.05750917699633,17.68367292653083,3.5537585784965677,14.129914348034259,36.640211640211646,7.363315696649029
TUR,Turkiye,Europe & Central Asia,Upper middle income,1.4485474087474726,0.5282004895179313,0.12429498776205172,0.19889326380759817,0.04666382888155794,0.19889326380759817,0.28274981377035224,0.04666382888155794,0.47169309354049166,0.15222943492604024,0.9507043407087844,1359123768774.12,85518661,15892.715728724052,9.67361615296566,18.26424516740227,0.19355782389140225,0.17680141096843394,1.4606944140764124,2538.487625887875,8.1583595828156e-4,0.00621060182548611,0.9196986846477164,0,0,0,0,0,0,0,0,16.8424801408013,54.5988061195916,87.3079,22.4592,0.37654880628588694,0.08834491790067492,0.5353077465498136,Turkey,2023,27.31,35069.17,87270502,Asia,27.31,52.82004895179313,19.889326380759815,4.666382888155794,28.274981377035225,19.889326380759815,4.666382888155794,15.222943492604024,37.65488062858869,8.834491790067492
DEU,Germany,Europe & Central Asia,High income,1.5644286018301767,0.5740583102787827,0.15178761438603958,0.20999148755054267,0.05793785911896148,0.20999148755054267,0.30676739731857844,0.05793785911896148,0.42530325601191743,0.15205362843158118,0.9339479801935324,4685592577804.69,83516593,56103.73231825549,10.934957619034956,18.24055588864204,0.34845721170874216,0.6233691793511608,1.7534063030257196,35060.67036198424,7.071700565558e-4,0.00750395987319854,0.9181120599000124,0,0,0,0,0,0,0,0,18.0067082931968,79.0907305894936,93.5,45.3805,0.3658016682113068,0.10092678405931417,0.5343836886005561,Germany,2021,1.99,62530.766,83697080,Europe,1.99,57.40583102787827,20.999148755054268,5.793785911896148,30.676739731857843,20.999148755054268,5.793785911896148,15.205362843158118,36.580166821130675,10.092678405931418
THA,Thailand,East Asia & Pacific,Upper middle income,1.406767037293185,0.5091237963504814,0.11081555567377772,0.18917912432835027,0.04080438367824653,0.18917912432835027,0.27924668830132465,0.04080438367824653,0.4907698036920785,0.14837474065010375,0.9430182158763496,526517658841.684,71668011,7346.620221421856,8.901995652630735,18.08755505538743,0.6221034283229785,NA,1.7168498671374794,7253.367185940182,3.6615698457206e-4,0.00156366092915133,0.904667222046959,0,0,0,0,0,0,0,0,24.3302698519497,136.747107022451,90.8672,15.7473,0.3715778474399164,0.08014629049111809,0.5484848484848485,Thailand,2018,64.98,20879.902,71376081,Asia,64.98,50.91237963504815,18.917912432835028,4.0804383678246525,27.924668830132465,18.917912432835028,4.0804383678246525,14.837474065010376,37.15778474399164,8.014629049111809
GBR,United Kingdom,Europe & Central Asia,High income,1.5654625738149706,0.5693993722402511,0.16156833537266585,0.21636431345427465,0.05399797840080864,0.21636431345427465,0.2993030802787679,0.05399797840080864,0.4303346278661488,0.16236633505346598,0.9486103466496368,3686033044482.13,69226000,53246.36761451088,10.882684867433,18.05288707256521,0.12181976426857748,1.1324155127281137,1.792035811618602,9533.074732600468,4.5410512528017e-4,0.00447935288815961,0.9130271011406522,0,0,0,0,0,0,0,0,7.98503886607726,62.8401605267118,96.2988,41.4368,0.379986919555265,0.09483322432962721,0.525647014855648,United Kingdom,2018,6.51,52131.695,66752473,Europe,6.51,56.93993722402511,21.636431345427464,5.399797840080864,29.93030802787679,21.636431345427464,5.399797840080864,16.2366335053466,37.998691955526496,9.483322432962721
TZA,Tanzania,Sub-Saharan Africa,Lower middle income,0.7423525030589988,0.23785710485715805,0.01117199553120178,0.08985476405809438,0.0100547959780816,0.08985476405809438,0.1380007447997021,0.0100547959780816,0.762089695164122,0.07979996808001277,0.8436038502165346,78844405385.2195,68560157,1150.0032793860069,7.047520072993236,18.04322212221617,0.14171980948307958,NA,0.7179948505428153,2.2869455360202866,3.5598582342658e-4,0.00411152736356381,0.94054747238052006,0,0,0,0,0,0,0,0,8.06364335166651,41.5131207208244,29.0638,2.49959,0.377767837172892,0.04227242227689551,0.5801834041601432,Tanzania,2020,93.32,3449.8215,60972803,Africa,93.32,23.785710485715803,8.985476405809438,1.00547959780816,13.80007447997021,8.985476405809438,1.00547959780816,7.979996808001277,37.7767837172892,4.227242227689551
FRA,France,Europe & Central Asia,High income,1.5474569057246224,0.5674611619493509,0.15045754415833157,0.20967227069589275,0.05628857203660353,0.20967227069589275,0.30197914449882957,0.05628857203660353,0.4320600127686742,0.15338369865928922,0.9431789497130584,3160442622465.08,68551653,46103.08408558842,10.738635126651346,18.043098077467423,0.2079047906319837,0.8057102451092308,1.642222806131738,12011.493247011857,6.1487878538249e-4,0.0039812690609944,0.9110226819077591,0,0,0,0,0,0,0,0,9.56647520690692,68.1081875443744,88.6538,48.6688,0.3694918432402025,0.09919369960622539,0.5321582598912432,France,2023,3.35,54296.723,66438828,Europe,3.35,56.74611619493509,20.967227069589274,5.628857203660353,30.19791444988296,20.967227069589274,5.628857203660353,15.338369865928922,36.94918432402025,9.91936996062254
ZAF,South Africa,Sub-Saharan Africa,Upper middle income,1.411608235356706,0.5104537958184817,0.11767835292865884,0.1928499228600309,0.03787838484864606,0.1928499228600309,0.2799382880246848,0.03787838484864606,0.4893334042666383,0.1549715380113848,0.9542491438725168,401144998373.585,64007187,6267.186814093002,8.743082858954319,17.974505931894125,0.375570988856484,NA,1.5810993061728622,1166.286460581372,1.3435089106902e-4,0.00250508697692249,0.9442075272281868,0,0,0,0,0,0,0,0,12.7973009661441,61.646770473025,75.6592,3.40566,0.3778009379885357,0.07420531526836893,0.5484106305367379,South Africa,2024,34.9,13597.654,64007187,Africa,34.9,51.045379581848174,19.28499228600309,3.7878384848646056,27.993828802468478,19.28499228600309,3.7878384848646056,15.49715380113848,37.78009379885357,7.420531526836893
ITA,Italy,Europe & Central Asia,High income,1.4952918018832793,0.5454061818375273,0.13831994467202213,0.20200031919987232,0.0506463797414481,0.20200031919987232,0.2930786827685269,0.0506463797414481,0.4542746182901527,0.15135393945842424,0.950519001107857,2380825077243.59,58952704,40385.341395766845,10.60622216136962,17.892246053276516,0.2758929668438616,0.6145915607097294,1.7466097428916976,15881.806042111317,9.6330355245289e-4,0.01200341476222952,0.9170164721852658,0,0,0,0,0,0,0,0,14.8235735691366,62.8237685119526,89.2207,31.8411,0.37036675770581345,0.09285992976980101,0.5373585641825984,Italy,2023,3.49,52870.324,59499452,Europe,3.49,54.540618183752734,20.200031919987232,5.06463797414481,29.307868276852687,20.200031919987232,5.06463797414481,15.135393945842424,37.03667577058135,9.2859929769801
KEN,Kenya,Sub-Saharan Africa,Lower middle income,1.0554875778049688,0.36958025216789914,0.04032558386976645,0.12326435069425971,0.02234399106240357,0.12326435069425971,0.22397191041123585,0.02234399106240357,0.6304197478321009,0.10092035963185617,0.9175491216928022,120339557905.932,56432944,2132.434520976471,7.665019573607886,17.84856365941559,0.06650643419561278,NA,1.1352443770005234,16.627628322917197,5.000410043867598e-5,0.00271744276371483,0.945792358278454,0,0,0,0,0,0,0,0,7.2507294225429,40.1860139968756,34.9762,2.38883,0.33352526270332516,0.06045775154743053,0.6060169857492443,Kenya,2019,86.49,5171.7124,51202829,Africa,86.49,36.95802521678991,12.32643506942597,2.2343991062403568,22.397191041123584,12.32643506942597,2.2343991062403568,10.092035963185616,33.35252627033252,6.045775154743053
MMR,Myanmar,East Asia & Pacific,Lower middle income,0.7631004947598021,0.25775389689844125,0.01574719370112252,0.1118795552481779,0.00893759642496143,0.1118795552481779,0.13693674522530191,0.00893759642496143,0.7422461031015588,0.10294195882321648,0.8713637003332879,74068349523.8095,54500091,1359.0500156010655,7.21454121671238,17.81371292935685,0.28154787565904227,NA,1.1691031896267088,64.27920953379693,7.773802795713886e-5,9.5964736725458e-4,0.9035407472170608,0,0,0,0,0,0,0,0,22.5216536798612,NA,58.5357,2.7983,0.43405572755417954,0.03467492260061919,0.5312693498452012,Myanmar,2020,80.96,5926.8345,53016525,Asia,80.96,25.775389689844125,11.18795552481779,0.8937596424961429,13.693674522530191,11.18795552481779,0.8937596424961429,10.294195882321649,43.40557275541796,3.467492260061919
COL,Colombia,Latin America & Caribbean,Upper middle income,1.3573974570410172,0.4903442038623185,0.09698356120657552,0.17587912964834815,0.03718678512528595,0.17587912964834815,0.2774910890035644,0.03718678512528595,0.5094429962228015,0.1386923445230622,0.9399426861306682,418818154879.271,52886363,7919.208868253448,8.977046589447056,17.783656075315644,0.12677931535538603,NA,1.3866406054621148,92.63290455424207,2.1581712048859e-4,0.00462471544563746,0.9205971230413827,0,0,0,0,0,0,0,0,10.0955376873703,37.0254687077888,77.3369,17.037,0.35868503851578604,0.07583812520342845,0.5659108169686449,Colombia,2024,56.14,18477.215,52886360,South America,56.14,49.034420386231844,17.587912964834814,3.718678512528595,27.74910890035644,17.587912964834814,3.718678512528595,13.86923445230622,35.8685038515786,7.583812520342844
KOR,"Korea, Rep.",East Asia & Pacific,High income,1.6071618601681388,0.5965201660104289,0.16978823028626158,0.22688091944237523,0.05496435032457167,0.22688091944237523,0.3149409385974247,0.05496435032457167,0.4032137916356284,0.17191656911780356,0.9467765673879612,1875388209406.8,51751065,36238.63990831493,10.497881229328884,17.761955569608137,0.3523630759084391,NA,1.986022561923957,26228.650353205292,5.038579920907e-4,0.00625482465406933,0.8599126291268206,0,0,0,0,0,0,0,0,26.6179725157922,84.6424951192038,97.8956,46.5676,0.3803407367763803,0.09214164659709213,0.5279636071715279,South Korea,2019,26.62,49790.867,51767844,Asia,26.62,59.65201660104289,22.688091944237524,5.496435032457167,31.494093859742474,22.688091944237524,5.496435032457167,17.191656911780356,38.034073677638034,9.214164659709214
SDN,Sudan,Sub-Saharan Africa,Low income,0.5717933712826515,0.17848592860562856,0.00978879608448156,0.0806511677395329,0.00633079746768101,0.0806511677395329,0.09150396339841464,0.00633079746768101,0.8215140713943715,0.07432037027185188,0.8006077400256975,49672435513.1126,50448963,984.6076620665642,6.892243249201768,17.73647274954768,0.09956666748692888,NA,0.9720823215390564,0.21608836637534057,0.00326835696754319,0.01082212234912148,0.9337366116479984,0,0,0,0,0,0,0,0,NA,1.99541210225008,26.4383,0.0604394,0.4518628912071535,0.035469448584202666,0.5126676602086438,Sudan,2022,94.41,3132.0771,49383344,Africa,94.41,17.848592860562857,8.06511677395329,0.633079746768101,9.150396339841464,8.06511677395329,0.633079746768101,7.4320370271851885,45.18628912071535,3.5469448584202667
UGA,Uganda,Sub-Saharan Africa,Low income,0.6864393254242698,0.21402351439059425,0.00962919614832154,0.07990636803745278,0.00968239612704154,0.07990636803745278,0.12443475022609991,0.00968239612704154,0.7859764856094058,0.07022397191041123,0.8257143521277911,53911907086.1525,50015092,1077.912784528168,6.982781843305583,17.72783535784789,0.15803516542987203,NA,0.7250327988361092,3.74224724009305,1.2059080494424165e-5,0.00420875046417276,0.930942310048442,0,0,0,0,0,0,0,0,15.1091911678522,42.6527889088562,8.94983,0.091297,0.37335321899080287,0.045239870743226406,0.5814069102659707,Uganda,2021,95.2,2684.9204,45910931,Africa,95.2,21.402351439059426,7.990636803745279,0.9682396127041539,12.443475022609991,7.990636803745279,0.9682396127041539,7.022397191041123,37.335321899080284,4.5239870743226405
ESP,Spain,Europe & Central Asia,High income,1.5254841455628858,0.5566609917003618,0.14636092785699084,0.20844860608640137,0.05192594168972121,0.20844860608640137,0.2965524579697808,0.05192594168972121,0.44307299425409663,0.15652266439668017,0.9471789493162552,1725671652742.19,48848840,35326.76830692786,10.472396264528529,17.7042411900094,0.23909927577030332,0.47341972541635785,1.5869961784146318,6487.896427755501,4.2539894013666e-4,0.00540813052538691,0.9144294102894448,0,0,0,0,0,0,0,0,10.8444299486305,69.9502612382631,95.7575,37.2148,0.3744623912835707,0.09328108573066997,0.5327343974003632,Spain,2023,1.98,47322.594,47911583,Europe,1.98,55.666099170036176,20.844860608640136,5.1925941689721204,29.65524579697808,20.844860608640136,5.1925941689721204,15.652266439668017,37.446239128357064,9.328108573066997
IRQ,Iraq,Middle East & North Africa,Upper middle income,0.9449380220247912,0.3281374687450125,0.02287599084960366,0.1237963504814598,0.01718359312656275,0.1237963504814598,0.18721072511570996,0.01718359312656275,0.6718093312762675,0.10661275735489706,0.894320444496885,279641257615.385,46042015,6073.610323427091,8.711708488695377,17.645064907150424,0.4090517974723438,NA,1.1025891415194875,4.434209580097656,7.098183149177678e-5,0.00457220977547232,0.95805973918918,0,0,0,0,0,0,0,0,4.08706182141497,70.7087434748943,81.7291,17.2313,0.3772697795071336,0.05236705577172504,0.5705252918287939,Iraq,2021,67.64,12731.754,43071208,Asia,67.64,32.81374687450125,12.37963504814598,1.718359312656275,18.721072511570995,12.37963504814598,1.718359312656275,10.661275735489706,37.72697795071336,5.236705577172504
ARG,Argentina,Latin America & Caribbean,Upper middle income,1.408587847185272,0.5133021176971374,0.11258912418857082,0.18963498989039057,0.04363094604661062,0.18963498989039057,0.2801425987017133,0.04363094604661062,0.4865914653612855,0.1460040438437799,0.949436072674612,638365455340.04,45696159,13969.783660373732,9.544651966116334,17.637524804192147,0.1127359724041854,NA,1.4934943290034988,574.6177746142733,1.1342004817215e-4,0.00194905331284669,0.9599061444097662,0,0,0,0,0,0,0,0,15.1850458096465,27.929760849367,89.6672,25.3581,0.3694412770809578,0.08500051829584326,0.5457655229605058,Argentina,2023,50.45,27230.396,45538402,South America,50.45,51.33021176971374,18.963498989039056,4.363094604661062,28.014259870171333,18.963498989039056,4.363094604661062,14.60040438437799,36.94412770809578,8.500051829584326
AFG,Afghanistan,South Asia,Low income,0.456189817524073,0.13704314518274194,0.00574559770176091,0.06830877267649092,0.00489439804224078,0.06830877267649092,0.06383997446401021,0.00489439804224078,0.862956854817258,0.06341437463425013,0.7383422980460712,17152234636.8715,42647492,402.1862443135343,5.996915275643621,17.568479025952527,0.09755782109013927,NA,0.6222334327233776,0.3765367726664912,1.1034886695805e-4,0.00373714909498676,0.9440213697282503,0,0,0,0,0,0,0,0,7.5409168634476,67.5846651516385,17.7089,0.0800873,0.498447204968944,0.035714285714285685,0.4658385093167701,Afghanistan,2021,86.13,2144.1665,40000410,Asia,86.13,13.704314518274193,6.830877267649092,0.48943980422407796,6.383997446401021,6.830877267649092,0.48943980422407796,6.341437463425013,49.844720496894404,3.5714285714285685
YEM,"Yemen, Rep.",Middle East & North Africa,Low income,0.5201361919455232,0.15853593658562537,0.00904399638240144,0.08517316593073362,0.0031387987444805,0.08517316593073362,0.07022397191041124,0.0031387987444805,0.8414640634143746,0.08203436718625312,0.7764292578688605,21606160663.0318,40583164,532.3922172019855,6.277380468085756,17.51886385876556,0.05020421318332412,NA,0.9313277601033324,0.649734924561328,4.3625316015377254e-5,2.9507013195016e-4,0.9737405440179978,0,0,0,0,0,0,0,0,NA,56.0778227215077,13.8152,1.27124,0.537248322147651,0.019798657718120793,0.4429530201342282,Yemen,2014,77.41,NA,30226311,Asia,77.41,15.853593658562538,8.517316593073362,0.31387987444805004,7.022397191041124,8.517316593073362,0.31387987444805004,8.203436718625312,53.724832214765094,1.9798657718120793
AGO,Angola,Sub-Saharan Africa,Lower middle income,0.8592328563068575,0.2916422833430867,0.01893919242432303,0.11767835292865884,0.01175719529712188,0.11767835292865884,0.16220673511730596,0.01175719529712188,0.7083577166569134,0.10592115763153696,0.8831721753616801,100998916781.079,37885849,2665.874447767529,7.888287405769062,17.450088223021286,0.3958746997026244,NA,1.4186310606553267,23.43053434014373,6.365217610618326e-5,3.7632074393349e-4,0.922445591093506,0,0,0,0,0,0,0,0,7.62750781911399,50.8422305562091,44.7581,0.373669,0.4035023713973003,0.04031375410434148,0.5561838744983583,Angola,2022,92.19,8950.143,35635028,Africa,92.19,29.164228334308667,11.767835292865884,1.175719529712188,16.220673511730595,11.767835292865884,1.175719529712188,10.592115763153696,40.35023713973003,4.031375410434148
POL,Poland,Europe & Central Asia,High income,1.490928438414472,0.5449853684490557,0.13540835328544826,0.2048417132216015,0.04676775738228252,0.2048417132216015,0.29348230912476725,0.04676775738228252,0.4549082202713487,0.15807395583931896,0.9485067105621132,917767106146.761,36559233,25103.565661422956,10.130765173254584,17.414444325117902,0.4061277721642339,0.9905486848584286,1.67489249522658,12220.663073046417,0.00136201620450676,0.00307025385847984,0.9211729728227304,0,0,0,0,0,0,0,0,16.0769928111431,100.359442847164,88.585,26.114,0.3758664453773308,0.08581470272381136,0.5385141071951577,Poland,2023,7.67,43672.766,38762847,Europe,7.67,54.498536844905566,20.48417132216015,4.676775738228252,29.348230912476726,20.48417132216015,4.676775738228252,15.807395583931896,37.58664453773308,8.581470272381136
MOZ,Mozambique,Sub-Saharan Africa,Low income,0.656221737511305,0.20130871947651224,0.00899079640368143,0.08772676490929404,0.00787359685056126,0.08772676490929404,0.10570835771665692,0.00787359685056126,0.7986912805234878,0.07985316805873278,0.8149695658714496,22745341305.0622,34631766,656.7768246373055,6.4873442722497,17.36028191132437,0.5655263936680165,NA,0.9095016185159076,4.940694996610915,4.439800679154827e-5,0.00299624619723595,0.9483549355342428,0,0,0,0,0,0,0,0,6.44434299229208,95.659420351194,19.8434,0.197785,0.4357822410147991,0.039112050739957716,0.525105708245243,Mozambique,2015,95.67,1512.5997,26547576,Africa,95.67,20.130871947651226,8.772676490929404,0.7873596850561261,10.570835771665692,8.772676490929404,0.7873596850561261,7.985316805873278,43.57822410147991,3.9112050739957716
GHA,Ghana,Sub-Saharan Africa,Lower middle income,0.87498005000798,0.2868010852795659,0.01755599297760281,0.09591956163217534,0.01532159387136245,0.09591956163217534,0.1756131297547481,0.01532159387136245,0.7131457147417141,0.08059796776081289,0.8678802363031181,82308110386.4641,34427414,2390.7723765271508,7.779371762812391,17.354363723577247,0.21769796120780263,NA,0.9754893545037284,3.711269048555317,2.7947338473451e-4,0.00579683621910438,0.888292425697705,0,0,0,0,0,0,0,0,9.83621907142742,69.7884227390592,69.9445,0.555477,0.33444629938786863,0.05342237061769616,0.6123168243368577,Ghana,2015,78.05,5607.366,28696071,Africa,78.05,28.680108527956587,9.591956163217533,1.532159387136245,17.56131297547481,9.591956163217533,1.532159387136245,8.059796776081289,33.44462993878686,5.342237061769616
PER,Peru,Latin America & Caribbean,Upper middle income,1.2905250837899664,0.4635314145874342,0.07878916848433261,0.1612491355003458,0.03468638612544555,0.1612491355003458,0.2677022929190828,0.03468638612544555,0.5363621854551258,0.12656274937490025,0.9312838423440328,289221969062.941,34217848,8452.37167056622,9.042202352043388,17.34825793725037,0.22696685125504587,NA,1.4013703482337232,79.06469500945822,3.3209079681208e-4,0.00325245411750132,0.9362343884164936,0,0,0,0,0,0,0,0,12.1140270326731,51.4758878672647,81.9571,10.4364,0.3478709973602663,0.07483071272810742,0.5775278319752094,Peru,2023,71.65,15327.582,33845616,South America,71.65,46.353141458743416,16.12491355003458,3.468638612544555,26.770229291908283,16.12491355003458,3.468638612544555,12.656274937490025,34.787099736026626,7.483071272810742
MDG,Madagascar,Sub-Saharan Africa,Low income,0.5774325690269724,0.175134329946268,0.00899079640368143,0.08097036761185296,0.00617119753152098,0.08097036761185296,0.08799276480289409,0.00617119753152098,0.824865670053732,0.07479917008033198,0.7938740723572882,17420501490.1231,31964956,544.9875010033832,6.300762860461511,17.280150735676465,0.24041662264284244,NA,0.656424304915578,1.177059965294493,6.38640912888189e-5,0.00163186908542173,0.9067201775468724,0,0,0,0,0,0,0,0,12.6451562899679,54.9795881437152,20.3671,0.124487,0.46233292831105716,0.0352369380315917,0.5024301336573512,Madagascar,2022,96.08,1602.7136,30437261,Africa,96.08,17.5134329946268,8.097036761185295,0.617119753152098,8.799276480289409,8.097036761185295,0.617119753152098,7.479917008033198,46.233292831105715,3.5236938031591696
CIV,Cote d'Ivoire,Sub-Saharan Africa,Lower middle income,0.8720008511996595,0.2945150821939671,0.01883279246688301,0.1086875565249774,0.01457679416928233,0.1086875565249774,0.1712507314997074,0.01457679416928233,0.7054849178060328,0.09411076235569506,0.880895397287439,87113179149.284,31934230,2727.893522069704,7.911284986702229,17.279189033210702,0.2528884499238376,NA,1.3218105519191692,218.98217627292092,8.79435530151407e-6,5.2056666928357e-4,0.960146539831812,0,0,0,0,0,0,0,0,12.918437529424,51.2640379409119,40.6528,1.36337,0.3690390173410405,0.04949421965317918,0.5814667630057804,Cote d'Ivoire,2022,92.12,6272.264,30395004,Africa,92.12,29.45150821939671,10.86875565249774,1.457679416928233,17.125073149970742,10.86875565249774,1.457679416928233,9.411076235569507,36.90390173410405,4.949421965317918
NPL,Nepal,South Asia,Lower middle income,0.7677288929084428,0.24535830185667928,0.01223599510560195,0.08905676437729425,0.01383199446720221,0.08905676437729425,0.1424695430121828,0.01383199446720221,0.7546416981433207,0.07522476991009204,0.8473380813098076,42914268286.7109,29651054,1447.31004458428,7.277461970842152,17.2050082308369,0.02852496423384367,NA,0.6255663707225184,3.1359586070700893,4.87019266917998e-6,0.0019588093196754,0.9806839867244376,0,0,0,0,0,0,0,0,4.36587696111805,40.5298226771909,55.7716,4.83217,0.36296617519514307,0.05637467476149174,0.580659150043365,Nepal,2017,81.56,4071.7043,28011258,Asia,81.56,24.53583018566793,8.905676437729424,1.3831994467202209,14.24695430121828,8.905676437729424,1.3831994467202209,7.522476991009204,36.29661751951431,5.637467476149173
CMR,Cameroon,Sub-Saharan Africa,Lower middle income,0.7526732989306805,0.2453051018779593,0.011703995318401871,0.09325956269617491,0.01117199553120178,0.09325956269617491,0.14087354365058255,0.01117199553120178,0.7546948981220407,0.08208756716497315,0.8506364611495402,53296694320.2057,29123744,1830.0083368472715,7.512075801479336,17.187064344456733,0.12637687083430363,NA,0.8726880975380626,5.197906010985401,5.698655447129032e-5,0.00266519862286878,0.9693503180602334,0,0,0,0,0,0,0,0,12.880227254442,34.4031785915423,41.9088,2.12862,0.38017783561049656,0.04554326610279762,0.5742788982867056,Cameroon,2014,87.1,4588.4863,22059894,Africa,87.1,24.53051018779593,9.32595626961749,1.117199553120178,14.087354365058255,9.32595626961749,1.117199553120178,8.208756716497314,38.017783561049654,4.5543266102797615
VEN,"Venezuela, RB",Latin America & Caribbean,Not classified,1.112730754907698,0.4042134383146247,0.05777517688992924,0.16518593392562644,0.02234399106240357,0.16518593392562644,0.21668351332659463,0.02234399106240357,0.5957865616853754,0.14284194286322288,0.9560798116157504,119802963257.783,28405543,4217.591026433925,8.347019397218375,17.162094860143405,0.06287174150937096,NA,0.9510258513291788,5.660490067026707,2.99538920192697e-6,4.628420599621e-4,0.9088158015119544,0,0,0,0,0,0,0,0,NA,26.0811657596499,NA,10.6381,0.40866017372992897,0.055277704659120803,0.5360621216109501,Venezuela,2017,58.34,NA,30565331,South America,58.34,40.42134383146247,16.518593392562643,2.2343991062403568,21.668351332659462,16.518593392562643,2.2343991062403568,14.284194286322288,40.8660173729929,5.527770465912081
NER,Niger,Sub-Saharan Africa,Low income,0.39048784380486246,0.09852636058945576,0.00393679842528063,0.05256157897536841,0.00319199872320051,0.05256157897536841,0.04277278289088684,0.00319199872320051,0.9014736394105444,0.0493695802521679,0.6714216279846262,19876128485.7857,27032412,735.2702557872269,6.6002381265782235,17.112547148455736,0.08684160772226807,NA,0.5018605700324612,1.2891366482576545,0,0.00236881896587272,0.9395334572611131,0,0,0,0,0,0,0,0,6.9938602495652,49.9759837351389,23.1879,0.107619,0.5334773218142549,0.03239740820734341,0.43412526997840173,Niger,2022,98.49,1717.5189,25311978,Africa,98.49,9.852636058945576,5.256157897536841,0.319199872320051,4.277278289088684,5.256157897536841,0.319199872320051,4.93695802521679,53.34773218142549,3.2397408207343408
MLI,Mali,Sub-Saharan Africa,Low income,0.5009841996063201,0.14034154386338246,0.00489439804224078,0.0675107729956908,0.00404319838272064,0.0675107729956908,0.068787572484971,0.00404319838272064,0.8596584561366175,0.06346757461297016,0.7417949253310263,26794747239.8805,24478595,1094.6194926579938,6.998162086570619,17.013309620170464,0.3450110004113339,NA,0.6908763066324796,5.390964963471147,6.229948461399003e-5,0.00242882086388777,0.9266742831105548,0,0,0,0,0,0,0,0,7.6247356103148904,49.8960414309506,35.0921,0.77422,0.48104624715693706,0.0288097043214556,0.4901440485216072,Mali,2022,95.42,2813.811,23072641,Africa,95.42,14.034154386338246,6.75107729956908,0.404319838272064,6.8787572484971,6.75107729956908,0.404319838272064,6.346757461297016,48.1046247156937,2.88097043214556
BFA,Burkina Faso,Sub-Saharan Africa,Low income,0.48098100760759693,0.14278874288450286,0.00404319838272064,0.05718997712400915,0.01255519497792201,0.05718997712400915,0.07554396978241208,0.01255519497792201,0.8547108581156567,0.04463478214608714,0.7425554236743989,23124729853.0218,23548781,981.9926497690816,6.889583823366252,16.974584614878925,0.35598145735416215,NA,0.5171379649307237,1.8981632212724728,1.5217850260345e-4,7.3097702455226e-4,0.9759245772747884,0,0,0,0,0,0,0,0,9.49858147123838,60.5024222912348,17.0226,0.0669065,0.400521609538003,0.08792846497764531,0.5290611028315946,Burkina Faso,2023,95.15,2486.2068,23025777,Africa,95.15,14.278874288450286,5.718997712400915,1.2555194977922008,7.554396978241209,5.718997712400915,1.2555194977922008,4.463478214608714,40.052160953800296,8.79284649776453
LKA,Sri Lanka,South Asia,Lower middle income,1.1544395382241848,0.44278342288663086,0.04277278289088684,0.14076714369314253,0.0668191732723307,0.14076714369314253,0.24392190243123904,0.0668191732723307,0.5484917806032877,0.07394797042081183,0.9372122855285908,98963185509.6499,21916000,4515.567873227318,8.415286232743277,16.902727521640443,0.13764425927530138,NA,1.0706771415645873,185.2796962493156,2.435056464307266e-5,0.00245447119871356,0.9086308494237396,0,0,0,0,0,0,0,0,17.5917877693489,42.3975008711047,51.2,8.76545,0.31791421362489486,0.15090712483479515,0.5508830950378469,Sri Lanka,2022,67.04,13249.065,22834965,Asia,67.04,44.27834228866308,14.076714369314253,6.681917327233069,24.392190243123903,14.076714369314253,6.681917327233069,7.3947970420811835,31.791421362489487,15.090712483479516
MWI,Malawi,Sub-Saharan Africa,Low income,0.5667925732829707,0.16731393307442677,0.00425599829760068,0.06261637495345002,0.0169175932329627,0.06261637495345002,0.09038676384529448,0.0169175932329627,0.8300792679682928,0.04569878172048731,0.7727810889854222,11316411329.4619,21655286,522.5703936425454,6.25875969943914,16.89076013965517,0.0996258819317421,NA,0.5632460299945748,0.9350461129906112,8.388345625884007e-6,0.01187820745649514,0.956867283940458,0,0,0,0,0,0,0,0,10.9664606994782,42.4376683990967,17.9881,0.0795566,0.3742448330683625,0.10111287758346578,0.5402225755166933,Malawi,2013,87.08,1555.5061,16161816,Africa,87.08,16.731393307442676,6.261637495345002,1.69175932329627,9.038676384529449,6.261637495345002,1.69175932329627,4.569878172048731,37.42448330683625,10.111287758346577
ZMB,Zambia,Sub-Saharan Africa,Lower middle income,0.811502447329219,0.2677165354330709,0.01489678655032985,0.10081932326026814,0.0155352202596297,0.10081932326026814,0.151361991913173,0.0155352202596297,0.7322834645669292,0.08528410300063843,0.8648620944262548,25303185342.2511,21314956,1187.1094335006414,7.079276583705229,16.87491954390533,0.616331847435797,NA,0.8895209394727115,18.199707332260033,1.3499172028382e-4,0.00117126497959502,0.9496323330311592,0,0,0,0,0,0,0,0,9.04858570665344,62.5348874064443,33,0.68139,0.37658982511923683,0.05802861685214623,0.5653815580286168,Zambia,2023,83.83,3673.4841,20723967,Africa,83.83,26.77165354330709,10.081932326026815,1.55352202596297,15.136199191317301,10.081932326026815,1.55352202596297,8.528410300063843,37.65898251192368,5.802861685214623
TCD,Chad,Sub-Saharan Africa,Low income,0.3683034526786189,0.09852636058945576,0.00281959887216045,0.04724158110336755,0.00558599776560089,0.04724158110336755,0.04633718146512741,0.00558599776560089,0.9008352396659042,0.04165558333776666,0.66406862302866,19518819751.283,20299123,961.5597556250584,6.8685567114337,16.82608824110834,0.2288344251811847,NA,0.5911367436299091,0.08812390564853467,1.4417347456122e-5,0.02253154392855593,0.922007501679558,0,0,0,0,0,0,0,0,7.14535399141811,47.8679892951699,13.1832,0,0.47948164146868244,0.05669546436285094,0.47030237580993517,Chad,2018,96.92,2552.3704,16156535,Africa,96.92,9.852636058945576,4.724158110336755,0.558599776560089,4.633718146512741,4.724158110336755,0.558599776560089,4.165558333776666,47.948164146868244,5.669546436285094
CHL,Chile,Latin America & Caribbean,High income,1.4683726126509549,0.5349789860084055,0.1274671490131404,0.20162791934883223,0.04420918231632707,0.20162791934883223,0.2895142841942863,0.04420918231632707,0.4646486141405544,0.1574187370325052,0.9445004241062764,330267137371.592,19764771,16709.889397230658,9.723756002610662,16.799411668508693,0.2974193048474011,NA,1.6456189143777726,354.17567924262823,7.4760026022273e-4,0.00498164241127815,0.9342793387285376,0,0,0,0,0,0,0,0,9.01046913453608,63.859857248066,94.4574,22.9954,0.3768894192521877,0.08263723150357995,0.5411694510739857,Chile,2024,27.47,30182.787,19764774,South America,27.47,53.49789860084056,20.162791934883224,4.420918231632707,28.95142841942863,20.162791934883224,4.420918231632707,15.74187370325052,37.68894192521877,8.263723150357995
ROU,Romania,Europe & Central Asia,High income,1.4392722242911102,0.5237005905197638,0.12299835080065968,0.19976592009363195,0.04426238229504708,0.19976592009363195,0.2798850880459648,0.04426238229504708,0.4760866095653562,0.15550353779858486,0.952450666920548,382564217988.866,19051804,20080.209621559512,9.907490013071868,16.762672353216125,0.28600232862129393,NA,1.543442038709256,8280.226991155274,0.00141487261248367,0.00245688449758996,0.907556129982834,0,0,0,0,0,0,0,0,13.1961348200611,77.2149837939003,91.2905,34.6706,0.3814506298252742,0.08451848841934173,0.5344372206420155,Romania,2023,2.55,40116.855,19118482,Europe,2.55,52.370059051976384,19.976592009363195,4.426238229504708,27.988508804596478,19.976592009363195,4.426238229504708,15.550353779858487,38.14506298252742,8.451848841934172
SOM,"Somalia, Fed. Rep.",Sub-Saharan Africa,Low income,0.46156301537479383,0.13736234505506198,0.00393679842528063,0.0600095759961696,0.00962919614832154,0.0600095759961696,0.06921317231473108,0.00962919614832154,0.8611480555407778,0.05038037984784806,0.7341624357212565,11967000000,19009151,629.5388994490074,6.44498764577539,16.7604310527624,0.08032372833625805,NA,0.4025890419442749,0.09765412458452248,1.294421922534e-4,4.1089946006497e-4,0.9429195902807942,0,0,0,0,0,0,0,0,NA,130.325060583271,27.6,0.722963,0.43687064291247096,0.07010069713400464,0.5038729666924865,Somalia,2019,82.49,1491.2949,16030969,Africa,82.49,13.736234505506198,6.00095759961696,0.962919614832154,6.9213172314731075,6.00095759961696,0.962919614832154,5.038037984784806,43.6870642912471,7.010069713400465
SEN,Senegal,Sub-Saharan Africa,Lower middle income,0.8927488429004629,0.32542426983029205,0.01425759429696228,0.09863276054689578,0.04229398308240677,0.09863276054689578,0.19024312390275044,0.04229398308240677,0.668830132467947,0.05633877746448901,0.896452599554924,32808056600.9436,18501984,1773.2182992344822,7.48055142271077,16.733388527541653,0.18033508656010536,NA,0.8793054706675254,20.454242474752977,7.876122730356153e-5,0.00250483749039824,0.9450121262014268,0,0,0,0,0,0,0,0,13.8542329986186,68.1405147656211,60.6122,1.97393,0.3030897498773909,0.1299656694458068,0.5846002942618932,Senegal,2022,95.1,4228.734,17651099,Africa,95.1,32.5424269830292,9.863276054689578,4.229398308240677,19.024312390275043,9.863276054689578,4.229398308240677,5.633877746448901,30.30897498773909,12.996566944580678
GTM,Guatemala,Latin America & Caribbean,Upper middle income,1.0893227642708945,0.418790232483907,0.02968558812576474,0.13411714635314145,0.05979677608128957,0.13411714635314145,0.23333510666595733,0.05979677608128957,0.5727509708996117,0.07432037027185188,0.9268341259270642,113199581158.203,18406359,6150.025714385067,8.724211541992647,16.72820676070013,0.1327151523202552,NA,0.9252995191643276,64.34095607936366,1.096245219117e-4,0.0023902170790536,0.9391949685504029,0,0,0,0,0,0,0,0,13.587559280005,47.344196760267,56.0535,5.08083,0.3202489837398374,0.14278455284552846,0.5571646341463414,Guatemala,2023,83.19,12384.948,18124841,North America,83.19,41.8790232483907,13.411714635314146,5.979677608128957,23.333510666595732,13.411714635314146,5.979677608128957,7.4320370271851885,32.02489837398374,14.278455284552846
ECU,Ecuador,Latin America & Caribbean,Upper middle income,1.2714794914082037,0.5024205990317604,0.06336117465553014,0.1612491355003458,0.08400276639889344,0.1612491355003458,0.26908549236580304,0.08400276639889344,0.4856626057349578,0.07724636910145237,0.955565430005806,124676074700,18135478,6874.705739765999,8.83560412013018,16.713380688223296,0.29423878643333645,NA,1.1103790533473563,45.19916183074965,8.619442268534869e-5,0.0037537925906272,0.9124885306076512,0,0,0,0,0,0,0,0,12.8762268451495,57.2031395531255,77.1727,16.0679,0.3209445150360017,0.16719610334603982,0.5355781448538754,Ecuador,2024,68.63,13935.539,18135478,South America,68.63,50.24205990317604,16.12491355003458,8.400276639889343,26.908549236580303,16.12491355003458,8.400276639889343,7.724636910145237,32.09445150360017,16.71961033460398
NLD,Netherlands,Europe & Central Asia,High income,1.5949138114492445,0.5845924664822303,0.165779953181528,0.22164290274526496,0.05831027878271973,0.22164290274526496,0.3050117046180038,0.05831027878271973,0.4150351138540115,0.16333262396254522,0.939930045901428,1214927698572.66,17993485,67520.42189562833,11.120185377704528,16.705520305898293,0.49196426281514555,1.9409887541212956,1.8820269811738644,40800.2772794153,3.0774859263056e-4,0.02304038787640753,0.9283287186851144,0,0,0,0,0,0,0,0,10.0682519361509,153.83065216636,97.0068,43.2644,0.3791408809610484,0.09974517655624317,0.5217510010921004,Netherlands,2023,2.43,70198.93,18092526,Europe,2.43,58.45924664822303,22.164290274526497,5.831027878271973,30.50117046180038,22.164290274526497,5.831027878271973,16.333262396254522,37.91408809610484,9.974517655624316
KHM,Cambodia,East Asia & Pacific,Lower middle income,0.9266904293238284,0.34292706282917484,0.01553439378624248,0.1163483534606586,0.03708038516784593,0.1163483534606586,0.193807522476991,0.03708038516784593,0.6527637388945045,0.07926796829281268,0.903286764171139,46352647037.2406,17638801,2627.8796975622436,7.873932601373377,16.685611635711275,0.7155598801801356,NA,0.6135067626702848,89.07487283290968,1.026193255587818e-5,2.3151390347677e-4,0.9156993213012607,0,0,0,0,0,0,0,0,27.8057723910919,143.447009703011,60.7171,3.64182,0.3392801737511635,0.10812907229289483,0.5651566863170959,Cambodia,2019,89.4,6448.885,16481305,Asia,89.4,34.292706282917486,11.63483534606586,3.708038516784593,19.3807522476991,11.63483534606586,3.708038516784593,7.926796829281269,33.92801737511635,10.812907229289483
ZWE,Zimbabwe,Sub-Saharan Africa,Lower middle income,0.8637016545193382,0.31265627493749004,0.01537479385008246,0.10448475820609672,0.03798478480608608,0.10448475820609672,0.17524072990370804,0.03798478480608608,0.6822897270841092,0.06649997340001064,0.8969575417906949,41539411516.4448,16634373,2497.2033220876315,7.822926713511721,16.626981775110302,0.21840073979884003,NA,0.7838062237495124,3.419378476122905,4.821358256652027e-5,0.01146260459002541,0.9298086430824376,0,0,0,0,0,0,0,0,15.5645508202725,41.4865312656314,38.4266,1.57458,0.33418410753785943,0.12149055640632976,0.560490045941807,Zimbabwe,2023,88.07,5218.0225,16340829,Africa,88.07,31.265627493749005,10.448475820609673,3.7984784806086083,17.524072990370804,10.448475820609673,3.7984784806086083,6.649997340001064,33.41841075378594,12.149055640632977
BEN,Benin,Sub-Saharan Africa,Lower middle income,0.7209129116348354,0.2461563015374794,0.00728839708464116,0.08676916529233389,0.02617438953024418,0.08676916529233389,0.13661754535298185,0.02617438953024418,0.7504388998244401,0.0605947757620897,0.8500962750692082,21482643706.4249,14462724,1485.3801888513465,7.3034260378979345,16.48708513869602,0.08541028008816473,NA,0.7218931001655493,4.212049749410968,4.99321501134756e-5,0.00350448785148147,0.936834627954674,0,0,0,0,0,0,0,0,10.1743449588896,40.6398022401523,32.2083,0.17088,0.3524962178517398,0.10633239680138316,0.5550032418413658,Benin,2022,96.35,3588.3252,13759507,Africa,96.35,24.61563015374794,8.676916529233388,2.617438953024418,13.661754535298185,8.676916529233388,2.617438953024418,6.05947757620897,35.24962178517398,10.633239680138317
RWA,Rwanda,Sub-Saharan Africa,Low income,0.8567324573070171,0.3005798797680481,0.01149119540352183,0.09687716124913552,0.04383678246528701,0.09687716124913552,0.1657179337128265,0.04383678246528701,0.693568122572751,0.05304037878384849,0.8774203639384491,14251642235.0968,14256567,999.6545616554672,6.907409780960036,16.472728200629085,0.09604393419511788,NA,0.8152742124544894,0.5211852895581384,0.00116050798512008,0.01486324676001372,0.922642264079648,0,0,0,0,0,0,0,0,8.94087746646115,69.9544135680561,34.2005,0.445556,0.32230088495575226,0.14584070796460175,0.5513274336283185,Rwanda,2023,86.78,3062.999,13954473,Africa,86.78,30.05798797680481,9.687716124913551,4.383678246528701,16.571793371282652,9.687716124913551,4.383678246528701,5.304037878384849,32.230088495575224,14.584070796460175
BDI,Burundi,Sub-Saharan Africa,Low income,0.3825078469968612,0.09427036229185508,0.00223439910624035,0.04601798159280736,0.00664999734000106,0.04601798159280736,0.04271958291216683,0.00664999734000106,0.9046124381550248,0.0393679842528063,0.6585392281340259,3082433067.32634,14047786,219.42483088269853,5.391009717748471,16.457975361255812,0.11766003351196296,NA,0.14662718625483703,0.07369189707189445,9.2334381869977e-4,3.7877465166575e-4,0.9462567552994212,0,0,0,0,0,0,0,0,11.5378154113804,NA,11.0784,0.0203441,0.48814898419864555,0.0705417607223476,0.4531602708803611,Burundi,2014,98.31,1022.29156,10799789,Africa,98.31,9.427036229185507,4.601798159280736,0.6649997340001059,4.2719582912166825,4.601798159280736,0.6649997340001059,3.93679842528063,48.814898419864555,7.0541760722347595
BOL,Bolivia,Latin America & Caribbean,Lower middle income,0.9843592062563176,0.3643666542533383,0.01963079214768314,0.11767835292865884,0.04787998084800766,0.11767835292865884,0.20396871841251263,0.04787998084800766,0.6304729478108209,0.06979837208065118,0.9070020046351384,54881327452.9667,12413315,4421.166098899987,8.394158763557042,16.334280244797387,0.20886473715169515,NA,1.096720701862154,27.1360872579162,4.7283538697772867e-5,0.00420512923101619,0.9417633111873986,0,0,0,0,0,0,0,0,13.0661500585552,46.9778716148403,70.2368,10.9975,0.3229668564753979,0.1314060446780552,0.5597897503285151,Bolivia,2023,84.47,11616.157,12244161,South America,84.47,36.43666542533383,11.767835292865884,4.787998084800766,20.39687184125126,11.767835292865884,4.787998084800766,6.979837208065118,32.29668564753979,13.14060446780552
TUN,Tunisia,Middle East & North Africa,Lower middle income,1.2486567005373197,0.49289780284087886,0.05304037878384848,0.1588019364792254,0.07181997127201149,0.1588019364792254,0.2720646911741235,0.07181997127201149,0.4973134010746395,0.08698196520721392,0.9420564025352864,51332285656.5422,12277109,4181.137893012288,8.33833871168147,16.32324702951405,0.48040569517981496,NA,1.1311046778274323,2223.8182080162355,1.6266631633935988e-5,0.00192809978047254,0.8538320196952727,0,0,0,0,0,0,0,0,14.7948868494485,106.298549204247,72.3542,14.1436,0.3221802482460874,0.1457096600107933,0.5519697787371829,Tunisia,2019,36.91,13243.902,11875084,Africa,36.91,49.28978028408789,15.880193647922539,7.181997127201149,27.20646911741235,15.880193647922539,7.181997127201149,8.698196520721392,32.21802482460874,14.57096600107933
BEL,Belgium,Europe & Central Asia,High income,1.5572758712423518,0.5699920191540303,0.15514764565043895,0.21292897047086992,0.05437616387337057,0.21292897047086992,0.3031125299281724,0.05437616387337057,0.42958233572758714,0.15855280659749935,0.944850439486876,671370081636.406,11858610,56614.567949903576,10.94402161534754,16.288564743990783,0.6016467394234513,2.58536394080787,1.7100683077724623,21976.742049110308,3.7112043226259e-4,0.00385507625814099,0.919758666493762,0,0,0,0,0,0,0,0,11.4375020757029,158.931826338067,95.7758,43.7026,0.37356482777933353,0.0953981144403995,0.5317838140576869,Belgium,2023,1.06,63095.402,11712891,Europe,1.06,56.99920191540303,21.292897047086992,5.437616387337057,30.311252992817238,21.292897047086992,5.437616387337057,15.855280659749935,37.35648277793335,9.53981144403995
HTI,Haiti,Latin America & Caribbean,Lower middle income,0.4902378039048784,0.15582273767090493,0.00388359844656062,0.05703037718784912,0.01212959514816194,0.05703037718784912,0.08767356493057403,0.01212959514816194,0.8431664627334149,0.04490078203968718,0.7596608247471056,25224154990.7946,11772557,2142.623305267887,7.669786200866235,16.281281702880438,0.04112611139515208,NA,0.49383032548955547,0.2377909913708636,0.00321450580561491,0.01955493400232571,0.9198824455321626,0,0,0,0,0,0,0,0,26.2315707464341,22.2478853726107,39.262,0.306791,0.3659952202116763,0.07784226698531921,0.5626493683851144,Haiti,2012,91.61,3296.2478,10069770,North America,91.61,15.582273767090493,5.703037718784912,1.212959514816194,8.767356493057402,5.703037718784912,1.212959514816194,4.490078203968718,36.59952202116763,7.784226698531921
JOR,Jordan,Middle East & North Africa,Lower middle income,1.3024950790019685,0.5156141937543225,0.06431877427249029,0.16635633345746662,0.0844283662286535,0.16635633345746662,0.2755758897696441,0.0844283662286535,0.4736394105442358,0.08192796722881311,0.9457828148027594,53352289577.4648,11552876,4618.095924985674,8.437737761674816,16.26244496826465,0.27725060073612845,NA,1.2977001854712062,211.3523652465412,5.700918754817098e-5,0.00299342675736043,0.9239274454224434,0,0,0,0,0,0,0,0,17.705386647398,99.6794477365724,92.5344,7.03749,0.32263722657862154,0.1637432934378869,0.5344614114733801,Jordan,2023,55.12,9381.3545,11439220,Asia,55.12,51.56141937543225,16.635633345746662,8.44283662286535,27.55758897696441,16.635633345746662,8.44283662286535,8.192796722881312,32.263722657862154,16.37432934378869
DOM,Dominican Republic,Latin America & Caribbean,Upper middle income,1.243655902537639,0.4857690056923977,0.05389157844336862,0.16013193594722563,0.0755971697611321,0.16013193594722563,0.25972229611108155,0.0755971697611321,0.5045485981805607,0.08453476618609354,0.9402554034831172,124282245638.568,11427557,10875.661844309156,9.294282713351857,16.25153827714322,0.11117320509464848,NA,1.155896687982533,990.5269277589252,2.7878619647237187e-5,0.00161021065526317,0.9291846923336264,0,0,0,0,0,0,0,0,12.4639218694399,51.7835143952326,91.0022,11.1346,0.329646259993429,0.15562369948526997,0.5346621399627642,Dominican Republic,2023,55.68,23282.49,11331269,North America,55.68,48.576900569239776,16.013193594722562,7.55971697611321,25.972229611108155,16.013193594722562,7.55971697611321,8.453476618609354,32.9646259993429,15.562369948526996
CZE,Czechia,Europe & Central Asia,High income,1.512688194924722,0.5526945789221684,0.14039474384210246,0.21035271585891369,0.04862478055008778,0.21035271585891369,0.29403628238548707,0.04862478055008778,0.4469862212055115,0.16172793530882587,0.9441561063049132,347034062928.479,10905028,31823.307829056375,10.367954250890412,16.2047345252441,0.7087659796113203,1.470037251372464,1.7505375551958182,37376.00041898104,0.00232323828550123,0.0035303745239103,0.9233808195012936,0,0,0,0,0,0,0,0,19.8858959477882,131.484981069952,87.6878,37.91,0.380594859948022,0.08797766868803542,0.532005005294061,Czechia,2023,2.02,47558.41,10809722,Europe,2.02,55.26945789221684,21.03527158589137,4.862478055008778,29.403628238548706,21.03527158589137,4.862478055008778,16.172793530882586,38.0594859948022,8.797766868803542
HND,Honduras,Latin America & Caribbean,Lower middle income,1.055647177741129,0.40554343778262486,0.02867478853008458,0.1349151460339416,0.05069957972016811,0.1349151460339416,0.22578070968771613,0.05069957972016811,0.5886045645581742,0.08421556631377347,0.9311510315485382,37093565854.0437,10825703,3426.4348332892287,8.139275592397405,16.19743377200745,0.2888755998860615,NA,0.6783526080216066,160.3517982157833,3.944466439556043e-6,0.00325110235608281,0.7889215804309844,0,0,0,0,0,0,0,0,14.8666617820448,91.1101585856976,58.2789,4.36213,0.3326774235865146,0.12501639774367046,0.5567361930998295,Honduras,2017,82.61,6099.6074,9588144,North America,82.61,40.554343778262485,13.491514603394162,5.069957972016811,22.578070968771613,13.491514603394162,5.069957972016811,8.421556631377348,33.26774235865146,12.501639774367046
PRT,Portugal,Europe & Central Asia,High income,1.4907698036920785,0.543490982603607,0.13299994680002128,0.20178751928499228,0.0481459807416077,0.20178751928499228,0.293823482470607,0.0481459807416077,0.456243017502793,0.15364153854338458,0.941996257157776,313271185085.102,10694681,29292.242104753008,10.285077985364373,16.185257073031835,0.27285529574888756,0.9815138277606708,1.6006447845386618,8393.860732825971,3.809743242067e-4,0.00322442207420729,0.9273257626873984,0,0,0,0,0,0,0,0,11.7623406083143,89.696408854026,88.487,44.1107,0.37128034455755676,0.08858653093187156,0.5406225528582616,Portugal,2023,4.53,41768.254,10430735,Europe,4.53,54.3490982603607,20.178751928499228,4.81459807416077,29.3823482470607,20.178751928499228,4.81459807416077,15.364153854338458,37.128034455755675,8.858653093187156
TJK,Tajikistan,Europe & Central Asia,Lower middle income,0.8690748523700591,0.30004787998084803,0.01431079427568229,0.12235995105601956,0.03170718731712507,0.12235995105601956,0.14853434058626375,0.03170718731712507,0.6973985210405916,0.0906527637388945,0.878135917960565,14204575548.5536,10590927,1341.2022902767246,7.201321722223127,16.175508249157353,0.10502032932282172,NA,0.8193883935393386,0.5597916027558305,0,0.00432085073395306,0.9474647375944524,0,0,0,0,0,0,0,0,14.6125760832401,65.6347010367354,56.791,0.0612833,0.40780141843971623,0.1056737588652482,0.4950354609929077,Tajikistan,2016,64.58,3169.9668,8865623,Asia,64.58,30.004787998084804,12.235995105601956,3.1707187317125065,14.853434058626375,12.235995105601956,3.1707187317125065,9.06527637388945,40.78014184397162,10.56737588652482
SWE,Sweden,Europe & Central Asia,High income,1.593444018731375,0.5852490421455939,0.17124308216262238,0.22690506598552576,0.05677948063005534,0.22690506598552576,0.301990208599404,0.05677948063005534,0.4143252447850149,0.17012558535547043,0.9538608865249992,603715224265.798,10569709,57117.48774406163,10.952865613974476,16.173502826720043,0.32501414597689837,1.876053401464908,1.8557946396875449,28288.54496287457,8.9475501840561e-4,0.00503095394235743,0.9292124072742316,0,0,0,0,0,0,0,0,13.0043168773902,105.883091480464,95.5293,40.734,0.3877068557919621,0.09701763957083105,0.5160029096199309,Sweden,2023,2.94,62662.766,10551493,Europe,2.94,58.52490421455939,22.690506598552577,5.677948063005534,30.1990208599404,22.690506598552577,5.677948063005534,17.012558535547043,38.77068557919621,9.701763957083106
GRC,Greece,Europe & Central Asia,High income,1.43767622492951,0.5239665904133638,0.11884875246049902,0.19290312283875088,0.04718838112464755,0.19290312283875088,0.28408788636484544,0.04718838112464755,0.47582060967175616,0.1457147417141033,0.9455641109256772,256238371778.118,10405134,24626.14818589727,10.11156409179176,16.15780989615078,0.21737375394435976,1.2036721817256677,1.5422799599258332,2124.072034247709,9.307761465909004e-5,0.00460893657460829,0.9247650216373404,0,0,0,0,0,0,0,0,9.0658743329958,89.7765279446168,86.2697,43.854,0.36815920398009955,0.09005990455883847,0.5421870240633567,Greece,2023,4.12,36700.51,10242910,Europe,4.12,52.39665904133638,19.29031228387509,4.718838112464755,28.408788636484545,19.29031228387509,4.718838112464755,14.571474171410332,36.81592039800996,9.005990455883847
HUN,Hungary,Europe & Central Asia,High income,1.4680002127999148,0.5355109857956056,0.13230834707666117,0.20412831834867265,0.04585838165664734,0.20412831834867265,0.2856838857264457,0.04585838165664734,0.4643294142682343,0.15826993669202533,0.9556311777653425,222722738925.641,9562065,23292.32638824783,10.05587924574943,16.07331426588614,0.72118625422717475,1.3127442730381218,1.6616428135569017,24294.924247534396,5.5905841224996e-4,0.00391392002159027,0.9251764137238724,0,0,0,0,0,0,0,0,15.8039940838573,146.504561505902,93.779,36.7902,0.3811841843830717,0.0856348102523346,0.5334790383469105,Hungary,2020,1.31,36119.52,9749459,Europe,1.31,53.551098579560566,20.412831834867266,4.585838165664733,28.568388572644572,20.412831834867266,4.585838165664733,15.826993669202533,38.118418438307174,8.563481025233461
TGO,Togo,Sub-Saharan Africa,Low income,0.6860669255732298,0.21668351332659463,0.00803319678672128,0.08352396659041336,0.02292919082832367,0.08352396659041336,0.11278395488641804,0.02292919082832367,0.7807628876948449,0.060594775762089693,0.8251538723218843,10651180146.531,9515236,1119.381605094293,7.020531673495986,16.06840486134752,0.5187968962105769,NA,0.7091370472415208,4.8625073513678485,2.2223698370305793e-5,0.00192856335395636,0.9652809416700172,0,0,0,0,0,0,0,0,11.4100893223643,61.575092396894,37.0223,1.22816,0.38546525902283335,0.10581880677633196,0.5205008593174565,Togo,2022,92.34,2739.6882,8068616,Africa,92.34,21.668351332659462,8.352396659041336,2.2929190828323667,11.278395488641804,8.352396659041336,2.2929190828323667,6.05947757620897,38.546525902283335,10.581880677633196
AUT,Austria,Europe & Central Asia,High income,1.536787785284886,0.5617917752832899,0.14512954194818323,0.20593711762515296,0.05511517795392882,0.20593711762515296,0.30100547959780816,0.05511517795392882,0.43794222482311007,0.15082193967122415,0.9376421527658482,534790720466.822,9177982,58268.878765160145,10.972823417891926,16.0323179127234,0.4050370391971645,1.8544562611974624,1.7308292363176216,34071.38327978852,5.5931830740639e-4,0.01222893912709133,0.9169930881317432,0,0,0,0,0,0,0,0,15.1337527310645,108.825777834405,94.9197,29.3725,0.3665719696969697,0.0981060606060606,0.5357954545454545,Austria,2023,0.96,64536.297,9130434,Europe,0.96,56.17917752832899,20.593711762515294,5.511517795392882,30.100547959780815,20.593711762515294,5.511517795392882,15.082193967122414,36.65719696969697,9.81060606060606
CHE,Switzerland,Europe & Central Asia,High income,1.5434181121634565,0.5617218261147174,0.15047355539001808,0.2077258699584974,0.05480472491220602,0.2077258699584974,0.29972331595189955,0.05480472491220602,0.43774608917739705,0.15292114504629137,0.9416031632268212,936564198048.516,9005582,103998.1866856041,11.55212874225616,16.013355165264404,0.4179217727450693,0.2690034495499144,1.8369853282985051,33989.331591117596,4.7694807970851e-4,0.01110429056997845,0.9212555431732892,0,0,0,0,0,0,0,0,17.6911811558258,134.09514852061,97.3444,47.6963,0.36980202709102966,0.0975655962868239,0.5335796154210477,Switzerland,2022,0.88,82777.3,8792180,Europe,0.88,56.17218261147174,20.77258699584974,5.480472491220602,29.972331595189956,20.77258699584974,5.480472491220602,15.292114504629136,36.98020270910297,9.75655962868239
SLE,Sierra Leone,Sub-Saharan Africa,Low income,0.45400861839655265,0.11948715220513911,0.00356439857424057,0.04963558014576794,0.011703995318401871,0.04963558014576794,0.05974357610256956,0.011703995318401871,0.8789168484332607,0.03793158482736607,0.7078959609472614,6971127235.3123,8642022,806.6546504177263,6.692895634195301,15.972147141177787,0.22418585491934245,NA,0.44476852961847263,2.1062387945783985,1.9439341055028e-4,0.01043737615527583,0.9298790551783366,0,0,0,0,0,0,0,0,6.95777964674362,40.5454450452166,20.635,0.00227312,0.41540516473731076,0.09795191451469278,0.5,Sierra Leone,2018,93.11,2767.3801,7554568,Africa,93.11,11.948715220513911,4.963558014576794,1.1703995318401872,5.9743576102569556,4.963558014576794,1.1703995318401872,3.7931584827366067,41.540516473731074,9.795191451469277
LAO,Lao PDR,East Asia & Pacific,Lower middle income,0.7266053093578763,0.231313507474597,0.00771399691440123,0.0956003617598553,0.02292919082832367,0.0956003617598553,0.11698675320529872,0.02292919082832367,0.7644836942065223,0.07267117093153164,0.8319453325655599,16502933121.3379,7769819,2123.9790941510864,7.661046539634993,15.865757427349209,0.6418104548521204,NA,1.1383463912783949,183.1310964901499,3.880754159745521e-6,2.6568527230092e-4,0.9440549173510236,0,0,0,0,0,0,0,0,9.05367016557271,NA,63.6255,2.72021,0.41329346826126956,0.09912603495860166,0.5057497700091996,Laos,2022,90.49,8183.0327,7559008,Asia,90.49,23.1313507474597,9.56003617598553,2.2929190828323667,11.698675320529873,9.56003617598553,2.2929190828323667,7.267117093153164,41.32934682612696,9.912603495860166
KGZ,Kyrgyz Republic,Europe & Central Asia,Lower middle income,1.050539979784008,0.3899558440176624,0.02447199021120391,0.14055434377826248,0.05165717933712827,0.14055434377826248,0.2046071181571527,0.05165717933712827,0.6031813587274565,0.08889716444113421,0.9081329085214148,17478259659.2625,7221868,2420.185422838316,7.791599437223061,15.792624203167044,0.2188283760261624,NA,1.2496039919008008,149.7084686399696,9.8088020754487e-4,0.02269388152911563,0.912704979695904,0,0,0,0,0,0,0,0,12.6145669633027,127.650577802859,88.4701,6.44653,0.3604365620736698,0.1324693042291951,0.5246930422919508,Kyrgyzstan,2022,58.84,6139.778,6955792,Asia,58.84,38.995584401766244,14.055434377826248,5.165717933712827,20.46071181571527,14.055434377826248,5.165717933712827,8.889716444113422,36.04365620736698,13.246930422919508
PRY,Paraguay,Latin America & Caribbean,Upper middle income,1.2048199180720327,0.4628930148427941,0.0456455817417673,0.1610895355641858,0.07304357078257169,0.1610895355641858,0.23849550460179816,0.07304357078257169,0.5273713890514444,0.0880459647816141,0.92822262401947,44458118397.4445,6929153,6416.09708970844,8.76656528186771,15.75124814147412,0.28103578874625035,NA,1.045320936857506,119.63684464753484,4.3390868455278384e-5,0.00208455267666017,0.778943173807948,0,0,0,0,0,0,0,0,19.0225604692616,76.8311565430624,81.5781,12.8836,0.3480059763245604,0.15779795425813123,0.5152281346971612,Paraguay,2023,66.84,15826.088,6844150,South America,66.84,46.28930148427941,16.10895355641858,7.304357078257169,23.849550460179817,16.10895355641858,7.304357078257169,8.80459647816141,34.80059763245604,15.779795425813123
NIC,Nicaragua,Latin America & Caribbean,Lower middle income,0.9574932170027132,0.3456402617438953,0.02101399159440336,0.1283715486513805,0.03904878438048625,0.1283715486513805,0.18268872692450924,0.03904878438048625,0.649890940043624,0.08932276427089428,0.903347356370689,19693982967.5926,6916140,2847.5396633949863,7.954210624423619,15.749368368495412,0.4021802285009393,NA,0.5465270524869641,23.00040542846154,1.5148079942372573e-5,1.2066796694258e-4,0.7685238133295522,0,0,0,0,0,0,0,0,13.5056664041759,98.5258377100159,58.2314,5.43031,0.37140218562413413,0.1129752193319994,0.5285516392181008,Nicaragua,2012,81.79,6275.7876,5901290,North America,81.79,34.564026174389525,12.83715486513805,3.904878438048625,18.268872692450923,12.83715486513805,3.904878438048625,8.932276427089429,37.140218562413416,11.29752193319994
SRB,Serbia,Europe & Central Asia,Upper middle income,1.43709102516359,0.5714741714103314,0.10054795978081608,0.1924243230302708,0.10070755971697612,0.1924243230302708,0.2931850827259669,0.10070755971697612,0.4136830345267862,0.09171676331329467,0.9576014789575982,90097765959.1114,6586476,13679.206598355691,9.523632192298418,15.700529013828485,0.3622180326847459,1.2832837614694206,1.341306242409854,5101.392890826597,1.3915812483319e-4,0.00247613197130005,0.8838499563689184,0,0,0,0,0,0,0,0,12.6868258020276,111.725028388916,87.6907,31.2695,0.33671569540122886,0.1762241668218209,0.5130329547570285,Serbia,2023,17.84,25735.24,6773204,Europe,17.84,57.14741714103314,19.24243230302708,10.070755971697611,29.318508272596688,19.24243230302708,10.070755971697611,9.171676331329467,33.67156954012289,17.62241668218209
BGR,Bulgaria,Europe & Central Asia,High income,1.480821407671437,0.5921689631324147,0.1156035537585785,0.2011491195403522,0.1006011597595361,0.2011491195403522,0.30292067883172846,0.1006011597595361,0.3953290418683833,0.1005479597808161,0.9668203077886626,113343355779.985,6441421,17596.017366352084,9.77542786941698,15.67825972591434,0.45364032982936975,1.021444964314743,1.4341545999465206,7518.156629569779,8.2963665465541e-4,0.00405335079964617,0.9358102443826396,0,0,0,0,0,0,0,0,NA,110.22631455921,82.439,37.0236,0.3396819692749978,0.16988590423142574,0.5115443356392059,Bulgaria,2023,1.24,33073.816,6795805,Europe,1.24,59.21689631324148,20.114911954035218,10.06011597595361,30.292067883172848,20.114911954035218,10.06011597595361,10.05479597808161,33.968196927499775,16.988590423142576
SLV,El Salvador,Latin America & Caribbean,Upper middle income,1.199233920306432,0.4618290152683938,0.04984838006064798,0.16343033462786616,0.06463797414481035,0.16343033462786616,0.24067670372931851,0.06463797414481035,0.531254987498005,0.0987923604830558,0.9402784031723148,35364960000,6338193,5579.659691650286,8.626883066356116,15.662104270015824,0.18843605913876335,NA,1.0861250570976275,123.6737486535989,2.6439247273745e-4,0.00162150636658263,0.8842078568873774,0,0,0,0,0,0,0,0,12.0454823079116,84.6596461582312,67.6558,11.6272,0.3538762815343855,0.13996083400529896,0.5211381177283724,El Salvador,2023,66.5,11424.6455,6309629,North America,66.5,46.18290152683938,16.343033462786615,6.463797414481035,24.06767037293185,16.343033462786615,6.463797414481035,9.87923604830558,35.38762815343855,13.996083400529896
COG,"Congo, Rep.",Sub-Saharan Africa,Lower middle income,0.6204713518114593,0.1971059211576315,0.00702239719104112,0.08219396712241316,0.01532159387136245,0.08219396712241316,0.1019311592275363,0.01532159387136245,0.8005532797786881,0.0668723732510507,0.8110413580528104,15719986076.6464,6332961,2482.2489948456023,7.816920280976811,15.661278457260751,0.8407990860523525,NA,0.587520490948022,268.4712703899487,1.3588858590660922e-6,1.5735221487338e-4,0.9870933630809472,0,0,0,0,0,0,0,0,12.8531970155196,93.1881220839752,38.3791,1.26798,0.41700404858299606,0.07773279352226721,0.5171390013495277,Congo,2009,85.28,8138.45,4281218,Africa,85.28,19.710592115763152,8.219396712241316,1.532159387136245,10.19311592275363,8.219396712241316,1.532159387136245,6.6872373251050705,41.700404858299606,7.773279352226721
DNK,Denmark,Europe & Central Asia,High income,1.6022769590892163,0.5891365643453743,0.1725275309889876,0.22673830930467628,0.05708357716656913,0.22673830930467628,0.3056338777464489,0.05708357716656913,0.4105442357823057,0.16965473213810717,0.9504571311257172,424524722037.047,5976992,71026.4832271897,11.170808089674908,15.603427989341384,0.2919064589863526,2.0945376178172346,1.913620733026324,27539.22247193906,0.00108007486077242,0.01029805986114622,0.9227547843072316,0,0,0,0,0,0,0,0,17.8578664866005,131.765030975207,99.7692,44.0345,0.38486545060502075,0.09689362470651976,0.5187827343326711,Denmark,2019,2.82,67131.47,5814618,Europe,2.82,58.91365643453743,22.673830930467627,5.708357716656913,30.56338777464489,22.673830930467627,5.708357716656913,16.965473213810718,38.486545060502074,9.689362470651975
FIN,Finland,Europe & Central Asia,High income,1.5861573655370538,0.5807841676863329,0.16768633292546684,0.22583390966643613,0.05612597754960898,0.22583390966643613,0.2994094802362079,0.05612597754960898,0.41863063254774696,0.16970793211682716,0.950039917247765,298696961297.656,5619911,53149.76719340502,10.880869003579974,15.541826385445546,0.29534549955159617,1.350017081687548,1.815015418550376,26744.47655131905,3.3649820206213e-4,0.00460359835615403,0.9366990182148834,0,0,0,0,0,0,0,0,14.2327051090182,83.4601015353507,93.5139,35.3318,0.38884308876064855,0.09663827058715764,0.5155262434734817,Finland,2023,2.15,56250.88,5601185,Europe,2.15,58.07841676863329,22.583390966643613,5.612597754960897,29.940948023620788,22.583390966643613,5.612597754960897,16.970793211682718,38.88430887606486,9.663827058715764
NOR,Norway,Europe & Central Asia,High income,1.575517369793052,0.5745597701760919,0.1650263339894664,0.22083311166675537,0.05474277810288876,0.22083311166675537,0.29919668032132785,0.05474277810288876,0.425227429909028,0.1660903335638666,0.9499932965992364,483592648313.301,5572279,86785.43344891758,11.371194069156742,15.533314684415792,0.3835526989707927,0.07682292137727309,1.7728629523947743,11737.573842228649,5.0188514531975e-4,0.00456461694710289,0.9425770821989292,0,0,0,0,0,0,0,0,6.17077761908446,81.3635091827243,99,45.4377,0.3843518518518519,0.09527777777777778,0.5207407407407407,Norway,2023,1.23,90085.44,5519167,Europe,1.23,57.45597701760919,22.083311166675536,5.474277810288876,29.919668032132783,22.083311166675536,5.474277810288876,16.60903335638666,38.43518518518519,9.527777777777779
SVK,Slovak Republic,Europe & Central Asia,High income,1.526360589455764,0.6054157578336968,0.1283715486513805,0.20960791615683352,0.1106559557376177,0.20960791615683352,0.3036122785550886,0.1106559557376177,0.3761238495504602,0.09895196041921582,0.9596362074687116,140934076532.375,5422069,25992.674850204785,10.165570040777842,15.505988034891164,0.8631963305485882,1.0995140693628005,1.5422758100547305,20865.195531263067,6.8646917325227e-4,0.0052791660453162,0.9011812478456712,0,0,0,0,0,0,0,0,16.327904870625,171.212800151635,89.8251,33.1726,0.3462214411247803,0.1827768014059754,0.501493848857645,Slovakia,2023,5.06,39518.223,5518057,Europe,5.06,60.54157578336968,20.960791615683352,11.06559557376177,30.36122785550886,20.960791615683352,11.06559557376177,9.895196041921581,34.62214411247803,18.27768014059754
IRL,Ireland,Europe & Central Asia,High income,1.5169441932223229,0.5516837793264883,0.14348034260786297,0.20513911794435283,0.05256157897536841,0.20513911794435283,0.29419588232164706,0.05256157897536841,0.4481034207586317,0.1525775389689844,0.9450467908817148,609157459747.205,5395790,112894.95324080532,11.6342130479943,15.501129577835645,0.387030222006703,4.2828565229796,1.8243964872013052,34953.57690903464,1.1486983039535e-4,0.00124358545084646,0.9255338776562688,0,0,0,0,0,0,0,0,29.5649973541217,246.169874857401,96.4974,31.8911,0.37184185149469623,0.095274831243973,0.5332690453230472,Ireland,2023,2,117862.125,5196629,Europe,2,55.16837793264882,20.513911794435284,5.256157897536841,29.419588232164706,20.513911794435284,5.256157897536841,15.257753896898441,37.18418514946962,9.5274831243973
CRI,Costa Rica,Latin America & Caribbean,High income,1.4604458158216738,0.5780709687716125,0.11235835505665798,0.19348832260467097,0.10522955790817684,0.19348832260467097,0.29717508112996754,0.10522955790817684,0.40410703835718464,0.08825876469649413,0.965980948383816,95350423176.5962,5129910,18587.153220348155,9.830225933989029,15.450598673133408,0.22546037028262111,NA,1.4307839626122842,5909.581508252581,2.977674439353489e-6,5.903770996547e-4,0.9128732033982704,0,0,0,0,0,0,0,0,12.9639765989781,71.3310137687617,85.3951,22.5231,0.334713786121848,0.1820357077121296,0.5140806184428492,Costa Rica,2024,37.38,26973.436,5129909,North America,37.38,57.80709687716124,19.3488322604671,10.522955790817685,29.717508112996754,19.3488322604671,10.522955790817685,8.825876469649414,33.4713786121848,18.20357077121296
HRV,Croatia,Europe & Central Asia,High income,1.4798638080544768,0.5899345640261744,0.10959195616321754,0.1987551204979518,0.1075703569718572,0.1987551204979518,0.30042027983188807,0.1075703569718572,0.39325424269830295,0.0911847635260946,0.9529448412002652,92983810328.9088,3866200,24050.439793313537,10.087908561990972,15.167782670469729,0.25945939221743575,2.0320741786299457,1.4916262568797918,6322.789055144586,3.1985459741429e-4,0.00434984863616769,0.9140931890611854,0,0,0,0,0,0,0,0,10.4777055033801,104.912326073253,83.6324,28.471,0.3369104517990802,0.18234286229596897,0.509243394354766,Croatia,2023,1.44,41320.203,3896023,Europe,1.44,58.99345640261744,19.87551204979518,10.757035697185719,30.042027983188806,19.87551204979518,10.757035697185719,9.11847635260946,33.691045179908016,18.234286229596897
