target_name,hypothesis_id,hypothesis_rank,side,neuron_idx,candidate_idx,discovery_target_separation,fidelity_gap,interpretation,heldout_yes_rate,heldout_separation,effect,se,p_value,n_pairs,p_bonf,bonferroni_sig_0_05,bh_q,source,positive_yes_rate,negative_yes_rate,paired_z,paired_p,paired_bh_q,n_positive,n_negative,positive_only_pairs,negative_only_pairs,tied_pairs,n_present,n_absent,effect_pp,se_pp,ci_low_pp,ci_high_pp,primary_category,category_vote_count,disagreement_level,novelty_score,category_display,is_significant,display_label
same_task_exposed_vs_non_exposed,same_task_exposed_vs_non_exposed__h17__n137,17,Exposed,137,2,0.516624317456885,0.512,"describes automated systems that directly replace manual logging, inspection, sorting, or equipment adjustment with sensors, robotics, computer vision, or predictive process tools",0.282,0.526,0.4255,0.012320745731801053,2.373699904703072e-261,2000,4.7473998094061436e-260,True,1.5824666031353813e-260,country,,,,,,,,,,,,,42.55,1.2320745731801053,40.13513383656699,44.964866163433,country_context_condition,3,unanimous_category,validation,Country context,True,"Describes automated systems that directly replace manual logging, inspection, sorting, or equipment adjustment with sensors, robotics, computer vision, or predictive process tools"
same_task_exposed_vs_non_exposed,same_task_exposed_vs_non_exposed__h07__n492,7,Exposed,492,1,0.527191479770089,0.532,"AI tools or models are described as synthesizing, aggregating, or converting large amounts of unstructured or technical data into structured outputs or recommendations",0.475,0.535,0.534,0.012845407827357042,0.0,2000,0.0,True,0.0,country,,,,,,,,,,,,,53.400000000000006,1.2845407827357043,50.882300065838024,55.91769993416199,country_context_condition,3,unanimous_category,incremental,Country context,True,"AI tools or models are described as synthesizing, aggregating, or converting large amounts of unstructured or technical data into structured outputs or recommendations"
same_task_exposed_vs_non_exposed,same_task_exposed_vs_non_exposed__h04__n448,4,Non-exposed,448,2,-0.5290432197090369,0.332,"mentions lack of widespread, locally deployable automation technology or standardized commercial automation tools",0.635,-0.53,-0.4915,0.012847038499167796,3.0805e-320,2000,6.161e-319,True,3.0805e-319,country,,,,,,,,,,,,,-49.15,1.2847038499167796,-51.668019545836884,-46.63198045416311,country_context_condition,3,unanimous_category,incremental,Country context,True,"Mentions lack of widespread, locally deployable automation technology or standardized commercial automation tools"
same_task_exposed_vs_non_exposed,same_task_exposed_vs_non_exposed__h19__n482,19,Non-exposed,482,2,-0.5134494486241369,0.256,"mentions non-digitized, fragmented, or localized information sources and context-specific judgment",0.436,-0.395,-0.3885,0.013942061021698562,7.025505657174889e-171,2000,1.4051011314349777e-169,True,2.341835219058296e-170,country,,,,,,,,,,,,,-38.85,1.3942061021698562,-41.582643960252916,-36.11735603974709,country_context_task_interaction,3,unanimous_category,incremental,Country/task interaction,True,"Mentions non-digitized, fragmented, or localized information sources and context-specific judgment"
same_task_exposed_vs_non_exposed,same_task_exposed_vs_non_exposed__h05__n367,5,Exposed,367,2,0.5286589128886778,0.248,"mentions software or digital systems automating administrative record-keeping, scheduling, registration, or data entry",0.288,0.437,0.3585,0.012592384963919255,2.7887547655415265e-178,2000,5.577509531083053e-177,True,1.1155019062166106e-177,country,,,,,,,,,,,,,35.85,1.2592384963919254,33.38189254707183,38.318107452928174,country_context_condition,3,unanimous_category,validation,Country context,True,"Mentions software or digital systems automating administrative record-keeping, scheduling, registration, or data entry"
same_task_exposed_vs_non_exposed,same_task_exposed_vs_non_exposed__h01__n156,1,Non-exposed,156,1,-0.5379592187410505,0.316,"emphasizes fragmented physical archives, manual handling, or small-scale artisanal/manual work that lacks the infrastructure or scale for automation",0.5,-0.448,-0.4475,0.013498628874472599,5.3856636018429935e-241,2000,1.0771327203685986e-239,True,2.6928318009214966e-240,country,,,,,,,,,,,,,-44.75,1.3498628874472598,-47.39573125939663,-42.10426874060337,country_context_condition,3,unanimous_category,incremental,Country context,True,"Emphasizes fragmented physical archives, manual handling, or small-scale artisanal/manual work that lacks the infrastructure or scale for automation"
same_task_exposed_vs_non_exposed,same_task_exposed_vs_non_exposed__h11__n36,11,Exposed,36,1,0.521330478826171,0.564,"mentions digital platforms that automate delivery, dissemination, or generation of structured content and workflows",0.227,0.433,0.3045,0.012184584812521385,7.736796853467212e-138,2000,1.5473593706934425e-136,True,2.210513386704918e-137,country,,,,,,,,,,,,,30.45,1.2184584812521386,28.061821376745808,32.838178623254194,country_context_condition,3,unanimous_category,validation,Country context,True,"Mentions digital platforms that automate delivery, dissemination, or generation of structured content and workflows"
same_task_exposed_vs_non_exposed,same_task_exposed_vs_non_exposed__h20__n204,20,Non-exposed,204,2,-0.5132914334002324,0.664,"mentions limited digital infrastructure, unreliable internet or power, and low digital integration/adoption as the reason automation is not viable",0.246,-0.417,-0.3095,0.012567173187354444,6.387958060968176e-134,2000,1.2775916121936352e-132,True,1.596989515242044e-133,country,,,,,,,,,,,,,-30.95,1.2567173187354443,-33.41316594472147,-28.48683405527853,country_context_condition,3,unanimous_category,incremental,Country context,True,"Mentions limited digital infrastructure, unreliable internet or power, and low digital integration/adoption as the reason automation is not viable"
same_task_exposed_vs_non_exposed,same_task_exposed_vs_non_exposed__h18__n194,18,Exposed,194,2,0.5151296458580339,0.612,"mentions drafting or generating standardized documents, reports, letters, or templates from structured inputs, with automation replacing manual clerical writing",0.292,0.337,0.2785,0.013268643617631979,8.208692308485005e-98,2000,1.641738461697001e-96,True,1.824153846330001e-97,country,,,,,,,,,,,,,27.85,1.3268643617631979,25.249345850944135,30.450654149055868,country_context_condition,3,unanimous_category,incremental,Country context,True,"Mentions drafting or generating standardized documents, reports, letters, or templates from structured inputs, with automation replacing manual clerical writing"
same_task_exposed_vs_non_exposed,same_task_exposed_vs_non_exposed__h10__n495,10,Non-exposed,495,2,-0.5216442106393258,0.712,"mentions deep local cultural, linguistic, and contextual knowledge",0.172,-0.259,-0.148,0.011229917877160272,1.1579236924737809e-39,2000,2.3158473849475618e-38,True,1.543898256631708e-39,country,,,,,,,,,,,,,-14.799999999999999,1.1229917877160271,-17.001063903923413,-12.598936096076585,country_context_task_interaction,3,unanimous_category,novel,Country/task interaction,True,"Mentions deep local cultural, linguistic, and contextual knowledge"
same_task_exposed_vs_non_exposed,same_task_exposed_vs_non_exposed__h03__n172,3,Non-exposed,172,1,-0.5307277484115542,0.8,"mentions paper-based, fragmented, or siloed records and the lack of digitized, standardized, interoperable data systems",0.123,-0.235,-0.1015,0.009779913003149598,3.1089234875870953e-25,2000,6.2178469751741905e-24,True,3.657557044220112e-25,country,,,,,,,,,,,,,-10.15,0.9779913003149598,-12.066862948617322,-8.233137051382679,country_context_condition,3,unanimous_category,incremental,Country context,True,"Mentions paper-based, fragmented, or siloed records and the lack of digitized, standardized, interoperable data systems"
same_task_exposed_vs_non_exposed,same_task_exposed_vs_non_exposed__h15__n103,15,Exposed,103,1,0.5196727291677523,0.876,mentions computer vision or automated visual inspection systems for routine safety/compliance monitoring,0.12,0.321,0.1355,0.009701388223689092,2.475940671343066e-44,2000,4.951881342686132e-43,True,3.5370581019186656e-44,country,,,,,,,,,,,,,13.55,0.9701388223689091,11.64852790815694,15.451472091843062,country_context_condition,3,unanimous_category,incremental,Country context,True,Mentions computer vision or automated visual inspection systems for routine safety/compliance monitoring
same_task_exposed_vs_non_exposed,same_task_exposed_vs_non_exposed__h16__n445,16,Exposed,445,2,0.5183705241307732,0.64,"mentions routine administrative or clerical workflows such as scheduling, record-keeping, billing, payroll, form submissions, and work-order tracking that are described as being automated by software",0.18,0.378,0.2235,0.011239975245602673,5.555879556901733e-88,2000,1.1111759113803465e-86,True,1.1111759113803466e-87,country,,,,,,,,,,,,,22.35,1.1239975245602674,20.146964851861878,24.553035148138125,country_context_condition,3,unanimous_category,validation,Country context,True,"Mentions routine administrative or clerical workflows such as scheduling, record-keeping, billing, payroll, form submissions, and work-order tracking that are described as being automated by software"
same_task_exposed_vs_non_exposed,same_task_exposed_vs_non_exposed__h06__n129,6,Non-exposed,129,1,-0.5285487288135593,0.492,"emphasizes personal advice, empathy, trust, and situational or contextual judgment in interpersonal helping roles",0.193,-0.272,-0.1695,0.01159534825050655,2.1586118705852623e-48,2000,4.3172237411705244e-47,True,3.597686450975437e-48,country,,,,,,,,,,,,,-16.950000000000003,1.159534825050655,-19.222688257099286,-14.67731174290072,task_specific_condition,3,unanimous_category,novel,Task-specific,True,"Emphasizes personal advice, empathy, trust, and situational or contextual judgment in interpersonal helping roles"
same_task_exposed_vs_non_exposed,same_task_exposed_vs_non_exposed__h13__n177,13,Non-exposed,177,1,-0.5207831640665899,0.588,"mentions manual or spreadsheet-based record-keeping, scheduling, inventory, or reporting with basic digital ledgers/spreadsheets",0.21,-0.094,-0.0625,0.011910827381187766,1.543222767402941e-07,2000,3.0864455348058824e-06,True,1.543222767402941e-07,country,,,,,,,,,,,,,-6.25,1.1910827381187765,-8.584522166712802,-3.915477833287198,country_context_condition,3,unanimous_category,validation,Country context,True,"Mentions manual or spreadsheet-based record-keeping, scheduling, inventory, or reporting with basic digital ledgers/spreadsheets"
same_task_exposed_vs_non_exposed,same_task_exposed_vs_non_exposed__h14__n160,14,Non-exposed,160,1,-0.5198187405594041,0.672,high-touch interpersonal negotiation and relationship-building language,0.177,-0.217,-0.1265,0.010853929191285739,2.1697680016582093e-31,2000,4.3395360033164185e-30,True,2.7122100020727616e-31,country,,,,,,,,,,,,,-12.65,1.0853929191285738,-14.777370121492005,-10.522629878507995,task_specific_condition,3,unanimous_category,,Task-specific,True,High-touch interpersonal negotiation and relationship-building language
same_task_exposed_vs_non_exposed,same_task_exposed_vs_non_exposed__h09__n323,9,Non-exposed,323,2,-0.5219719640888328,0.692,"manual craft or dexterous handling of delicate materials, often with tactile judgment to avoid damage",0.212,-0.245,-0.164,0.011296716686894115,9.388208599358779e-48,2000,1.877641719871756e-46,True,1.4443397845167354e-47,country,,,,,,,,,,,,,-16.400000000000002,1.1296716686894115,-18.614156470631247,-14.185843529368755,task_specific_condition,3,unanimous_category,,Task-specific,True,"Manual craft or dexterous handling of delicate materials, often with tactile judgment to avoid damage"
same_task_exposed_vs_non_exposed,same_task_exposed_vs_non_exposed__h12__n393,12,Exposed,393,2,0.5209043697214499,0.748,mentions digital logging or data-entry systems replacing manual paper logbooks/record-keeping,0.239,0.258,0.1875,0.012379357788254799,8.029846024087016e-52,2000,1.6059692048174032e-50,True,1.4599720043794574e-51,country,,,,,,,,,,,,,18.75,1.23793577882548,16.32364587350206,21.17635412649794,country_context_condition,3,unanimous_category,,Country context,True,Mentions digital logging or data-entry systems replacing manual paper logbooks/record-keeping
same_task_exposed_vs_non_exposed,same_task_exposed_vs_non_exposed__h02__n144,2,Non-exposed,144,2,-0.532248536598464,0.84,"mentions dexterous, adaptive physical manipulation in unstructured or cluttered environments",0.123,-0.176,-0.076,0.009173553130522505,1.184218848191421e-16,2000,2.368437696382842e-15,True,1.31579872021269e-16,country,,,,,,,,,,,,,-7.6,0.9173553130522505,-9.398016413582411,-5.801983586417589,task_specific_condition,3,unanimous_category,,Task-specific,True,"Mentions dexterous, adaptive physical manipulation in unstructured or cluttered environments"
same_task_exposed_vs_non_exposed,same_task_exposed_vs_non_exposed__h08__n434,8,Non-exposed,434,2,-0.5249762883338602,0.516,"mentions high-level organizational, strategic, or managerial judgment with stakeholder negotiation and institutional/contextual alignment",0.482,-0.092,-0.0915,0.014375924617369907,1.9553417662207255e-10,2000,3.910683532441451e-09,True,2.0582544907586583e-10,country,,,,,,,,,,,,,-9.15,1.4375924617369906,-11.967681225004501,-6.332318774995499,country_context_task_interaction,3,unanimous_category,,Country/task interaction,True,"Mentions high-level organizational, strategic, or managerial judgment with stakeholder negotiation and institutional/contextual alignment"
same_task_augmentation_vs_other_exposed,same_task_augmentation_vs_other_exposed__h05__n497,5,Other exposed clear margin,497,1,-0.3946314162358083,0.344,"language about enabling labor reallocation or task-shifting through automation, often phrased as creating a meaningful/viable margin for labor reallocation",0.58,-0.176,-0.172,0.015,,2000,1.72527e-30,True,,margin,0.494,0.666,-11.733,8.626350000000001e-32,1.72527e-30,2000.0,2000.0,285.0,628.0,1087.0,2321.0,1679.0,-17.2,1.5,-20.14,-14.26,generic_margin_wording,3,unanimous_category,validation,Generic margin wording,True,"Language about enabling labor reallocation or task-shifting through automation, often phrased as creating a meaningful/viable margin for labor reallocation"
same_task_augmentation_vs_other_exposed,same_task_augmentation_vs_other_exposed__h18__n269,18,Augmentation-only exposed,269,2,0.2596183841114692,0.536,"rationales about social, public-health, or educational contexts that emphasize nuanced local cultural or community-specific judgment and implementation",0.39,0.138,0.132,0.015,,2000,6.2725200000000006e-18,True,,margin,0.456,0.325,8.964,3.1362600000000003e-19,3.1362600000000003e-18,2000.0,2000.0,579.0,316.0,1105.0,1561.0,2439.0,13.200000000000001,1.5,10.260000000000002,16.14,country_context_task_interaction,3,unanimous_category,novel,Country/task interaction,True,"Rationales about social, public-health, or educational contexts that emphasize nuanced local cultural or community-specific judgment and implementation"
same_task_augmentation_vs_other_exposed,same_task_augmentation_vs_other_exposed__h04__n282,4,Augmentation-only exposed,282,2,0.4141802846599894,0.332,"mentions local contextualization, cultural context, or local institutional knowledge in the reasoning",0.236,0.153,0.11,0.013,,2000,1.56889e-16,True,,margin,0.291,0.181,8.602,7.844460000000001e-18,5.22964e-17,2000.0,2000.0,449.0,229.0,1322.0,944.0,3056.0,11.0,1.3,8.452,13.548,country_context_task_interaction,3,unanimous_category,novel,Country/task interaction,True,"Mentions local contextualization, cultural context, or local institutional knowledge in the reasoning"
same_task_augmentation_vs_other_exposed,same_task_augmentation_vs_other_exposed__h19__n41,19,Augmentation-only exposed,41,1,0.2578963666391412,0.516,references safety-critical aviation or engineering inspection/certification tasks with final human verification and regulatory compliance,0.374,0.117,0.11,0.013,,2000,3.02405e-15,True,,margin,0.429,0.319,8.256,1.51203e-16,7.56013e-16,2000.0,2000.0,477.0,257.0,1266.0,1496.0,2504.0,11.0,1.3,8.452,13.548,task_specific_condition,3,unanimous_category,incremental,Task-specific,True,References safety-critical aviation or engineering inspection/certification tasks with final human verification and regulatory compliance
same_task_augmentation_vs_other_exposed,same_task_augmentation_vs_other_exposed__h08__n132,8,Augmentation-only exposed,132,2,0.3765446364658963,0.412,clinical decision support and treatment recommendation language with final physician responsibility,0.425,0.111,0.108,0.014,,2000,5.42131e-14,True,,margin,0.479,0.37,7.904,2.71065e-15,1.08426e-14,2000.0,2000.0,497.0,280.0,1223.0,1699.0,2301.0,10.8,1.4000000000000001,8.056000000000001,13.544,task_specific_condition,3,unanimous_category,incremental,Task-specific,True,Clinical decision support and treatment recommendation language with final physician responsibility
same_task_augmentation_vs_other_exposed,same_task_augmentation_vs_other_exposed__h01__n227,1,Augmentation-only exposed,227,1,0.5061002727082022,0.752,"explicitly frames the outcome as augmentation being the primary or predominant path, often using phrases like 'making augmentation the primary/predominant margin/path' or 'more viable deployment route'",0.221,0.143,0.099,0.013,,2000,2.64227e-13,True,,margin,0.27,0.172,7.704,1.32113e-14,4.40378e-14,2000.0,2000.0,435.0,238.0,1327.0,883.0,3117.0,9.9,1.3,7.352,12.448,generic_margin_wording,3,unanimous_category,validation,Generic margin wording,True,"Explicitly frames the outcome as augmentation being the primary or predominant path, often using phrases like 'making augmentation the primary/predominant margin/path' or 'more viable deployment route'"
same_task_augmentation_vs_other_exposed,same_task_augmentation_vs_other_exposed__h07__n404,7,Augmentation-only exposed,404,2,0.3844853276569864,0.24,"supervisors providing targeted feedback, training, and performance oversight",0.353,0.104,0.095,0.014,,2000,1.00738e-09,True,,margin,0.401,0.305,6.57,5.03691e-11,1.43912e-10,2000.0,2000.0,522.0,332.0,1146.0,1412.0,2588.0,9.5,1.4000000000000001,6.756,12.244,task_specific_condition,3,unanimous_category,novel,Task-specific,True,"Supervisors providing targeted feedback, training, and performance oversight"
same_task_augmentation_vs_other_exposed,same_task_augmentation_vs_other_exposed__h14__n280,14,Augmentation-only exposed,280,2,0.2984455958549223,0.5,mentions high-stakes public-facing communication or media/spokesperson/press relations with strategic stakeholder management and cultural/political nuance,0.152,0.113,0.059,0.01,,2000,1.66593e-07,True,,margin,0.181,0.123,5.762,8.32966e-09,2.08242e-08,2000.0,2000.0,268.0,151.0,1581.0,609.0,3391.0,5.8999999999999995,1.0,3.9399999999999995,7.859999999999999,country_context_task_interaction,3,unanimous_category,novel,Country/task interaction,True,Mentions high-stakes public-facing communication or media/spokesperson/press relations with strategic stakeholder management and cultural/political nuance
same_task_augmentation_vs_other_exposed,same_task_augmentation_vs_other_exposed__h09__n273,9,Augmentation-only exposed,273,1,0.3611772694035307,0.644,"emphasis on personal relationships, trust, and face-to-face interpersonal engagement in sales, service, hiring, or real estate contexts",0.078,0.158,0.045,0.008,,2000,2.1145e-07,True,,margin,0.101,0.056,5.721,1.05725e-08,2.34944e-08,2000.0,2000.0,174.0,83.0,1743.0,313.0,3687.0,4.5,0.8,2.932,6.068,task_specific_condition,3,unanimous_category,novel,Task-specific,True,"Emphasis on personal relationships, trust, and face-to-face interpersonal engagement in sales, service, hiring, or real estate contexts"
same_task_augmentation_vs_other_exposed,same_task_augmentation_vs_other_exposed__h17__n91,17,Other exposed clear margin,91,2,-0.2828565650437332,0.24,"descriptions of digital systems that standardize, synthesize, or aggregate information through structured forms, dashboards, reports, or notifications",0.369,-0.076,-0.07,0.014,,2000,1.00865e-05,True,,margin,0.334,0.404,-5.025,5.04324e-07,1.00865e-06,2000.0,2000.0,328.0,469.0,1203.0,1475.0,2525.0,-7.000000000000001,1.4000000000000001,-9.744000000000002,-4.256,country_context_condition,3,unanimous_category,validation,Country context,True,"Descriptions of digital systems that standardize, synthesize, or aggregate information through structured forms, dashboards, reports, or notifications"
same_task_augmentation_vs_other_exposed,same_task_augmentation_vs_other_exposed__h10__n334,10,Augmentation-only exposed,334,2,0.3458835567379514,0.628,"mentions scheduling, logistics, coordination, negotiation, and relationship management as the core work",0.13,0.082,0.037,0.009,,2000,0.00065486,True,,margin,0.148,0.111,4.153,3.2743e-05,5.95327e-05,2000.0,2000.0,197.0,123.0,1680.0,518.0,3482.0,3.6999999999999997,0.8999999999999999,1.936,5.4639999999999995,task_specific_condition,3,unanimous_category,novel,Task-specific,True,"Mentions scheduling, logistics, coordination, negotiation, and relationship management as the core work"
same_task_augmentation_vs_other_exposed,same_task_augmentation_vs_other_exposed__h11__n424,11,Augmentation-only exposed,424,1,0.3185311953952102,0.344,"mentions drafting, synthesis, and report-generation work being accelerated by AI tools",0.6,0.047,0.045,0.012,,2000,0.00382741,True,,margin,0.623,0.577,3.73,0.00019137,0.000318951,2000.0,2000.0,345.0,254.0,1401.0,2399.0,1601.0,4.5,1.2,2.148,6.852,task_specific_condition,3,unanimous_category,incremental,Task-specific,True,"Mentions drafting, synthesis, and report-generation work being accelerated by AI tools"
same_task_augmentation_vs_other_exposed,same_task_augmentation_vs_other_exposed__h06__n96,6,Augmentation-only exposed,96,2,0.3943804122145136,0.504,"mentions diagnostic sensors, predictive maintenance, or real-time fault/issue detection that helps technicians locate and fix equipment problems",0.082,0.061,0.018,0.007,,2000,0.152887,False,,margin,0.091,0.073,2.667,0.00764437,0.0117606,2000.0,2000.0,115.0,78.0,1807.0,329.0,3671.0,1.7999999999999998,0.7000000000000001,0.4279999999999997,3.1719999999999997,country_context_condition,3,unanimous_category,,Country context,False,"Mentions diagnostic sensors, predictive maintenance, or real-time fault/issue detection that helps technicians locate and fix equipment problems"
same_task_augmentation_vs_other_exposed,same_task_augmentation_vs_other_exposed__h02__n40,2,Other exposed clear margin,40,2,-0.4779656400586633,0.72,explicitly states both substitution and augmentation opportunities or margins,0.163,-0.036,-0.019,0.011,,2000,1.0,False,,margin,0.153,0.173,-1.703,0.0885853,0.12655,2000.0,2000.0,243.0,282.0,1475.0,653.0,3347.0,-1.9,1.0999999999999999,-4.055999999999999,0.2559999999999998,generic_margin_wording,3,unanimous_category,,Generic margin wording,False,Explicitly states both substitution and augmentation opportunities or margins
same_task_augmentation_vs_other_exposed,same_task_augmentation_vs_other_exposed__h16__n151,16,Augmentation-only exposed,151,2,0.2938326818620235,0.508,"real-time visual monitoring, hazard detection, and navigation/positioning in safety-critical physical environments",0.178,0.026,0.015,0.011,,2000,1.0,False,,margin,0.185,0.171,1.367,0.171701,0.214626,2000.0,2000.0,256.0,226.0,1518.0,712.0,3288.0,1.5,1.0999999999999999,-0.6559999999999997,3.6559999999999997,task_specific_condition,3,unanimous_category,,Task-specific,False,"Real-time visual monitoring, hazard detection, and navigation/positioning in safety-critical physical environments"
same_task_augmentation_vs_other_exposed,same_task_augmentation_vs_other_exposed__h03__n510,3,Augmentation-only exposed,510,1,0.4569274653626731,0.492,"manual machine setup, adjustment, calibration, and configuration of industrial equipment",0.316,0.022,0.019,0.013,,2000,1.0,False,,margin,0.326,0.306,1.422,0.154888,0.206517,2000.0,2000.0,376.0,338.0,1286.0,1264.0,2736.0,1.9,1.3,-0.6480000000000001,4.448,task_specific_condition,3,unanimous_category,,Task-specific,False,"Manual machine setup, adjustment, calibration, and configuration of industrial equipment"
same_task_augmentation_vs_other_exposed,same_task_augmentation_vs_other_exposed__h15__n466,15,Other exposed clear margin,466,1,-0.2951867219917012,0.576,"mentions drafting, refining, and synthesizing text or documents, often as initial drafts, manuals, SOPs, prose, or training materials",0.293,0.018,0.015,0.012,,2000,1.0,False,,margin,0.301,0.286,1.301,0.193296,0.227407,2000.0,2000.0,281.0,251.0,1468.0,1174.0,2826.0,1.5,1.2,-0.8519999999999999,3.852,task_specific_condition,3,unanimous_category,,Task-specific,False,"Mentions drafting, refining, and synthesizing text or documents, often as initial drafts, manuals, SOPs, prose, or training materials"
same_task_augmentation_vs_other_exposed,same_task_augmentation_vs_other_exposed__h20__n433,20,Augmentation-only exposed,433,1,0.2506181798634629,0.828,"mentions lesson plans, curricula, curriculum drafting, or pedagogical content for education",0.074,0.018,0.005,0.007,,2000,1.0,False,,margin,0.077,0.072,0.729,0.465855,0.465855,2000.0,2000.0,99.0,89.0,1812.0,298.0,3702.0,0.5,0.7000000000000001,-0.8720000000000001,1.872,task_specific_condition,3,unanimous_category,,Task-specific,False,"Mentions lesson plans, curricula, curriculum drafting, or pedagogical content for education"
same_task_augmentation_vs_other_exposed,same_task_augmentation_vs_other_exposed__h12__n446,12,Other exposed clear margin,446,2,-0.3147429620563035,0.68,"mentions optimization and configuration of logistics, scheduling, routing, and resource allocation workflows",0.192,0.017,0.011,0.01,,2000,1.0,False,,margin,0.198,0.187,1.005,0.315105,0.350116,2000.0,2000.0,229.0,208.0,1563.0,769.0,3231.0,1.0999999999999999,1.0,-0.8600000000000001,3.0599999999999996,country_context_condition,3,unanimous_category,,Country context,False,"Mentions optimization and configuration of logistics, scheduling, routing, and resource allocation workflows"
same_task_augmentation_vs_other_exposed,same_task_augmentation_vs_other_exposed__h13__n52,13,Other exposed clear margin,52,2,-0.3057728312877054,0.464,"mentions drafting, summarizing, and extracting information from technical, policy, or research documents",0.323,0.011,0.01,0.013,,2000,1.0,False,,margin,0.328,0.318,0.793,0.427791,0.450306,2000.0,2000.0,328.0,308.0,1364.0,1290.0,2710.0,1.0,1.3,-1.548,3.548,task_specific_condition,3,unanimous_category,,Task-specific,False,"Mentions drafting, summarizing, and extracting information from technical, policy, or research documents"
same_task_substitution_vs_other_exposed,same_task_substitution_vs_other_exposed__h01__n136,1,Other exposed clear margin,136,1,-0.5213221990257481,0.728,"mentions human oversight, review, or final validation as still essential or mandatory despite AI assistance",0.351,-0.324,-0.295,0.014,,2000,9.57759e-98,True,,margin,0.203,0.499,-21.124,4.7888e-99,9.57759e-98,2000.0,2000.0,183.0,774.0,1043.0,1405.0,2595.0,-29.5,1.4000000000000001,-32.244,-26.756,task_specific_condition,3,unanimous_category,incremental,Task-specific,True,"Mentions human oversight, review, or final validation as still essential or mandatory despite AI assistance"
same_task_substitution_vs_other_exposed,same_task_substitution_vs_other_exposed__h16__n238,16,Other exposed clear margin,238,1,-0.2512841819005892,0.212,"mentions human experts or expert oversight as necessary for complex, novel, or final-review cases",0.316,-0.327,-0.282,0.014,,2000,8.41389e-93,True,,margin,0.174,0.457,-20.579,4.20695e-94,4.20695e-93,2000.0,2000.0,174.0,739.0,1087.0,1263.0,2737.0,-28.199999999999996,1.4000000000000001,-30.943999999999996,-25.455999999999996,task_specific_condition,3,unanimous_category,incremental,Task-specific,True,"Mentions human experts or expert oversight as necessary for complex, novel, or final-review cases"
same_task_substitution_vs_other_exposed,same_task_substitution_vs_other_exposed__h02__n190,2,Other exposed clear margin,190,1,-0.4802134096034322,0.776,mentions both substitution and augmentation in the same rationale,0.203,-0.176,-0.114,0.012,,2000,6.54955e-19,True,,margin,0.146,0.26,-9.21,3.2747799999999997e-20,2.18318e-19,2000.0,2000.0,203.0,430.0,1367.0,811.0,3189.0,-11.4,1.2,-13.752,-9.048,generic_margin_wording,3,unanimous_category,validation,Generic margin wording,True,Mentions both substitution and augmentation in the same rationale
same_task_substitution_vs_other_exposed,same_task_substitution_vs_other_exposed__h13__n143,13,Other exposed clear margin,143,2,-0.266151510392126,0.584,"high-precision soldering and assembly in manufacturing, with robots handling repetitive or vision-guided alignment tasks while humans do intricate adjustments, quality checks, or irregular repairs",0.201,-0.131,-0.084,0.011,,2000,2.12055e-13,True,,margin,0.159,0.242,-7.732,1.06028e-14,5.30138e-14,2000.0,2000.0,159.0,327.0,1514.0,802.0,3198.0,-8.4,1.0999999999999999,-10.556000000000001,-6.244000000000001,mixed_or_ambiguous,3,unanimous_category,incremental,Mixed/ambiguous,True,"High-precision soldering and assembly in manufacturing, with robots handling repetitive or vision-guided alignment tasks while humans do intricate adjustments, quality checks, or irregular repairs"
same_task_substitution_vs_other_exposed,same_task_substitution_vs_other_exposed__h07__n113,7,Other exposed clear margin,113,2,-0.3120401994861719,0.412,mentions cobots or collaborative robots augmenting human workers in assembly or logistics tasks,0.091,-0.156,-0.052,0.008,,2000,6.04968e-09,True,,margin,0.066,0.117,-6.298,3.02484e-10,1.20994e-09,2000.0,2000.0,87.0,191.0,1722.0,366.0,3634.0,-5.2,0.8,-6.768000000000001,-3.632,country_context_condition,3,unanimous_category,incremental,Country context,True,Mentions cobots or collaborative robots augmenting human workers in assembly or logistics tasks
same_task_substitution_vs_other_exposed,same_task_substitution_vs_other_exposed__h09__n309,9,Other exposed clear margin,309,1,-0.2820430812692327,0.336,"mentions routine customer/travel/coffee service tasks with human-led or human-centric support, especially for personalized, context-aware, trust-building, or language-nuance interactions",0.112,-0.136,-0.054,0.009,,2000,5.62425e-08,True,,margin,0.085,0.139,-5.942,2.81213e-09,9.37375e-09,2000.0,2000.0,114.0,222.0,1664.0,448.0,3552.0,-5.4,0.8999999999999999,-7.164,-3.6360000000000006,task_specific_condition,3,unanimous_category,novel,Task-specific,True,"Mentions routine customer/travel/coffee service tasks with human-led or human-centric support, especially for personalized, context-aware, trust-building, or language-nuance interactions"
same_task_substitution_vs_other_exposed,same_task_substitution_vs_other_exposed__h18__n396,18,Other exposed clear margin,396,1,-0.2364627994955863,0.596,mentions limited or constrained infrastructure/connectivity as the reason automation is only partial or difficult,0.162,-0.116,-0.063,0.011,,2000,3.31455e-07,True,,margin,0.13,0.193,-5.644,1.65728e-08,4.73507e-08,2000.0,2000.0,190.0,316.0,1494.0,646.0,3354.0,-6.3,1.0999999999999999,-8.456,-4.144,country_context_condition,3,unanimous_category,incremental,Country context,True,Mentions limited or constrained infrastructure/connectivity as the reason automation is only partial or difficult
same_task_substitution_vs_other_exposed,same_task_substitution_vs_other_exposed__h14__n349,14,Other exposed clear margin,349,2,-0.2626269702276708,0.648,routine customer-facing inquiries and explanations handled by conversational agents or chatbots,0.326,-0.082,-0.072,0.013,,2000,1.30143e-06,True,,margin,0.29,0.362,-5.404,6.50717e-08,1.62679e-07,2000.0,2000.0,288.0,432.0,1280.0,1304.0,2696.0,-7.199999999999999,1.3,-9.748,-4.651999999999999,country_context_condition,3,unanimous_category,validation,Country context,True,Routine customer-facing inquiries and explanations handled by conversational agents or chatbots
same_task_substitution_vs_other_exposed,same_task_substitution_vs_other_exposed__h05__n186,5,Other exposed clear margin,186,1,-0.3582982154934706,0.332,mentions drafting or generating new documents/proposals/plans from existing information,0.412,-0.076,-0.073,0.014,,2000,3.18806e-06,True,,margin,0.376,0.449,-5.241,1.59403e-07,3.54229e-07,2000.0,2000.0,325.0,472.0,1203.0,1649.0,2351.0,-7.3,1.4000000000000001,-10.044,-4.555999999999999,task_specific_condition,3,unanimous_category,validation,Task-specific,True,Mentions drafting or generating new documents/proposals/plans from existing information
same_task_substitution_vs_other_exposed,same_task_substitution_vs_other_exposed__h12__n468,12,Substitution-only exposed,468,2,0.2661842248019963,0.36,"descriptions of fully automated, rule-based digital workflows using integrated systems, APIs, or deterministic rule engines that replace manual data entry, filing, reconciliation, or compliance checks",0.417,0.07,0.068,0.014,,2000,1.05501e-05,True,,margin,0.452,0.384,5.016,5.27507e-07,1.05501e-06,2000.0,2000.0,440.0,304.0,1256.0,1670.0,2330.0,6.800000000000001,1.4000000000000001,4.056000000000001,9.544,country_context_condition,3,unanimous_category,incremental,Country context,True,"Descriptions of fully automated, rule-based digital workflows using integrated systems, APIs, or deterministic rule engines that replace manual data entry, filing, reconciliation, or compliance checks"
same_task_substitution_vs_other_exposed,same_task_substitution_vs_other_exposed__h19__n213,19,Substitution-only exposed,213,1,0.2321250758955677,0.688,routine customer inquiries handled by conversational AI agents,0.197,-0.077,-0.049,0.011,,2000,9.7554e-05,True,,margin,0.173,0.222,-4.57,4.8777e-06,8.86855e-06,2000.0,2000.0,179.0,276.0,1545.0,789.0,3211.0,-4.9,1.0999999999999999,-7.056,-2.7440000000000007,country_context_condition,3,unanimous_category,validation,Country context,True,Routine customer inquiries handled by conversational AI agents
same_task_substitution_vs_other_exposed,same_task_substitution_vs_other_exposed__h03__n461,3,Substitution-only exposed,461,2,0.4275652664512489,0.56,"mentions industrial manufacturing tasks involving CNC machines, robotic arms, and other physical production equipment replacing manual fabrication or finishing work",0.262,0.055,0.043,0.01,,2000,0.000725789,True,,margin,0.283,0.241,4.13,3.62894e-05,6.04824e-05,2000.0,2000.0,256.0,171.0,1573.0,1049.0,2951.0,4.3,1.0,2.34,6.26,country_context_condition,3,unanimous_category,incremental,Country context,True,"Mentions industrial manufacturing tasks involving CNC machines, robotic arms, and other physical production equipment replacing manual fabrication or finishing work"
same_task_substitution_vs_other_exposed,same_task_substitution_vs_other_exposed__h17__n13,17,Substitution-only exposed,13,1,0.2387024491922876,0.572,"clerical office tasks involving data entry, filing, document routing, scheduling, and basic communication",0.188,-0.066,-0.041,0.01,,2000,0.00180369,True,,margin,0.168,0.208,-3.916,9.01845e-05,0.000138745,2000.0,2000.0,175.0,256.0,1569.0,751.0,3249.0,-4.1000000000000005,1.0,-6.0600000000000005,-2.1400000000000006,task_specific_condition,3,unanimous_category,validation,Task-specific,True,"Clerical office tasks involving data entry, filing, document routing, scheduling, and basic communication"
same_task_substitution_vs_other_exposed,same_task_substitution_vs_other_exposed__h08__n93,8,Other exposed clear margin,93,2,-0.2838325016718968,0.544,"mentions automated vision-based defect inspection of surfaces, seams, or material irregularities",0.102,-0.055,-0.02,0.008,,2000,0.176527,False,,margin,0.092,0.112,-2.619,0.00882634,0.0126091,2000.0,2000.0,97.0,137.0,1766.0,408.0,3592.0,-2.0,0.8,-3.568,-0.43199999999999994,country_context_condition,3,unanimous_category,,Country context,False,"Mentions automated vision-based defect inspection of surfaces, seams, or material irregularities"
same_task_substitution_vs_other_exposed,same_task_substitution_vs_other_exposed__h11__n407,11,Other exposed clear margin,407,1,-0.2717144009681324,0.372,"mentions drafting or generating educational materials such as syllabi, lesson plans, assignments, curricula, or exam content",0.049,-0.045,-0.009,0.006,,2000,1.0,False,,margin,0.045,0.053,-1.316,0.188261,0.235327,2000.0,2000.0,75.0,92.0,1833.0,197.0,3803.0,-0.8999999999999999,0.6,-2.0759999999999996,0.276,task_specific_condition,3,unanimous_category,,Task-specific,False,"Mentions drafting or generating educational materials such as syllabi, lesson plans, assignments, curricula, or exam content"
same_task_substitution_vs_other_exposed,same_task_substitution_vs_other_exposed__h06__n265,6,Other exposed clear margin,265,1,-0.343990646128819,0.384,"mentions routine sales, membership, leasing, scheduling, prospecting, or outreach workflows alongside human relationship-building or negotiation",0.037,-0.024,-0.004,0.006,,2000,1.0,False,,margin,0.035,0.039,-0.616,0.537749,0.566052,2000.0,2000.0,61.0,68.0,1871.0,149.0,3851.0,-0.4,0.6,-1.576,0.7759999999999999,task_specific_condition,3,unanimous_category,,Task-specific,False,"Mentions routine sales, membership, leasing, scheduling, prospecting, or outreach workflows alongside human relationship-building or negotiation"
same_task_substitution_vs_other_exposed,same_task_substitution_vs_other_exposed__h15__n159,15,Substitution-only exposed,159,2,0.2542503072511266,0.656,mentions physical machinery or heavy equipment replacing manual labor in construction or site-preparation work,0.306,0.022,0.018,0.011,,2000,1.0,False,,margin,0.316,0.297,1.677,0.0934662,0.124622,2000.0,2000.0,262.0,225.0,1513.0,1225.0,2775.0,1.7999999999999998,1.0999999999999999,-0.35599999999999987,3.9559999999999995,country_context_condition,3,unanimous_category,,Country context,False,Mentions physical machinery or heavy equipment replacing manual labor in construction or site-preparation work
same_task_substitution_vs_other_exposed,same_task_substitution_vs_other_exposed__h10__n158,10,Other exposed clear margin,158,2,-0.2763317417479759,0.424,"mentions standard business software for administrative tasks like accounting, payroll, invoicing, inventory tracking, or record-keeping",0.138,0.016,0.007,0.009,,2000,1.0,False,,margin,0.142,0.135,0.817,0.413909,0.459899,2000.0,2000.0,176.0,161.0,1663.0,553.0,3447.0,0.7000000000000001,0.8999999999999999,-1.0639999999999996,2.464,country_context_condition,3,unanimous_category,,Country context,False,"Mentions standard business software for administrative tasks like accounting, payroll, invoicing, inventory tracking, or record-keeping"
same_task_substitution_vs_other_exposed,same_task_substitution_vs_other_exposed__h04__n80,4,Substitution-only exposed,80,1,0.3659084576087517,0.768,"mentions ERP, MRP, PLM, or other enterprise software automating administrative planning, record-keeping, procurement, scheduling, or data-entry workflows",0.198,0.015,0.009,0.011,,2000,1.0,False,,margin,0.203,0.194,0.905,0.365613,0.430133,2000.0,2000.0,230.0,211.0,1559.0,793.0,3207.0,0.8999999999999999,1.0999999999999999,-1.2559999999999998,3.0559999999999996,country_context_condition,3,unanimous_category,,Country context,False,"Mentions ERP, MRP, PLM, or other enterprise software automating administrative planning, record-keeping, procurement, scheduling, or data-entry workflows"
same_task_substitution_vs_other_exposed,same_task_substitution_vs_other_exposed__h20__n236,20,Substitution-only exposed,236,1,0.2221834061135371,0.692,"mentions digital government portals or e-government systems automating form filling, submissions, or routine administrative inquiries",0.116,0.002,0.001,0.008,,2000,1.0,False,,margin,0.116,0.115,0.124,0.901312,0.901312,2000.0,2000.0,131.0,129.0,1740.0,462.0,3538.0,0.1,0.8,-1.468,1.6680000000000001,country_context_condition,3,unanimous_category,,Country context,False,"Mentions digital government portals or e-government systems automating form filling, submissions, or routine administrative inquiries"
