support,domain,income_level,margin,countries,mean_total_gap_pp,mean_reference_profile_pp,mean_country_specific_pp,median_total_gap_pp,median_reference_profile_pp,median_country_specific_pp,share_reference_same_sign_as_total,share_country_specific_offsets_reference,total_ci_low,reference_profile_ci_low,country_specific_ci_low,total_ci_high,reference_profile_ci_high,country_specific_ci_high,additive_mean_error_pp
Common female-male cells,Occupation (ISCO-2),Low income,Augmentation-only,14,-0.130104238628412,-0.20935064695432798,0.079246408325916,-0.06247336624509188,-0.2936163398414887,0.1862285883264272,0.8571428571428571,0.8571428571428571,-0.2735214318276574,-0.4380054110758515,-0.11643122918349344,-0.02231902819671375,0.05194494108225481,0.2527948942106202,-2.7755575615628914e-17
Common female-male cells,Occupation (ISCO-2),Low income,Overall exposure,14,1.2769226593038399,1.4506799597921414,-0.173757300488302,1.2902588279453515,1.5184287912894394,-0.22429534952226732,0.9285714285714286,0.8571428571428571,0.5990021207615436,0.6154664816037893,-0.44388519544810623,2.0027073973655036,2.3169742131012017,0.11014597889281404,4.996003610813204e-16
Common female-male cells,Occupation (ISCO-2),Low income,Substitution-only,14,1.0290276427932459,1.6261571998147684,-0.5971295570215227,1.149365372393049,1.740707987952515,-0.7743921027618728,0.9285714285714286,0.8571428571428571,0.2948905918126166,0.46070482090256276,-1.0339285529805995,1.7121069943222793,2.6882581692180216,-0.11971157384765235,2.220446049250313e-16
Common female-male cells,Occupation (ISCO-2),Lower middle income,Augmentation-only,26,0.034650029745388826,-0.06288321036839736,0.0975332401137862,-0.005628617774436032,-0.143101226422773,0.11071279158908717,0.8076923076923077,0.5769230769230769,-0.12897390940425607,-0.26623798976246804,-0.0475607981982257,0.20072897785165997,0.13859802428734744,0.23433690924921008,0
Common female-male cells,Occupation (ISCO-2),Lower middle income,Overall exposure,26,2.7451665949088113,1.6211219047513061,1.1240446901575054,3.625079373498111,1.9543365024551929,1.0154157459291122,0.9615384615384616,0.2692307692307692,1.56025174606,0.6531324048879394,0.646102902175442,3.91649234013928,2.571453459670581,1.5934871038104204,-2.220446049250313e-16
Common female-male cells,Occupation (ISCO-2),Lower middle income,Substitution-only,26,1.7162109005490445,1.6298857170097398,0.08632518353930455,2.1885413878464455,2.820065074709578,-0.04770482637832772,0.9230769230769231,0.6153846153846154,0.5771608761189754,0.3979044532498106,-0.2691000568100506,2.6943005744888335,2.7553383908791487,0.4323570205768039,8.326672684688674e-17
Common female-male cells,Occupation (ISCO-2),Upper middle income,Augmentation-only,16,-0.010357647353412758,0.031399805000943914,-0.04175745235435676,-0.04639065629729466,-0.1786666938537462,0.08539165649989731,0.8125,0.5625,-0.18822540511164906,-0.21310403554229904,-0.31410324926167577,0.21895178963481943,0.34672510947352286,0.1734240918610984,9.020562075079397e-17
Common female-male cells,Occupation (ISCO-2),Upper middle income,Overall exposure,16,2.5038129741001613,1.126215316855401,1.3775976572447597,2.1121266912134433,0.8617375584244072,1.1828074934990638,0.875,0.3125,1.4831041677499093,0.40715831655029816,0.9137682122641366,3.6133945293745513,1.8642701325696167,1.914602126615495,6.661338147750939e-16
Common female-male cells,Occupation (ISCO-2),Upper middle income,Substitution-only,16,1.8825377966905632,1.2963320110280452,0.5862057856625177,2.057496019734116,1.6905811368348431,0.5124080089991048,1,0.375,0.5610439536467503,0.0066260849349854024,0.3254446092093114,3.040677160298967,2.3815116683719233,0.8689056947178785,3.3306690738754696e-16
Common female-male cells,Occupation (ISCO-2),High income,Augmentation-only,32,-0.1618328500400653,-0.32348762319299296,0.1616547731529277,-0.14617280203358268,-0.2638386089915472,0.11873692125512553,0.8125,0.75,-0.2864134324653638,-0.4133759121708091,0.09449882329702337,-0.03409847858433749,-0.2352327890112171,0.23807896075500795,-5.551115123125783e-17
Common female-male cells,Occupation (ISCO-2),High income,Overall exposure,32,-0.1084723394406608,-0.1916175216104459,0.08314518216978467,0.3791224678667232,-0.0735162204251176,0.009272570052211097,0.875,0.25,-1.024010310166272,-0.8755226821993711,-0.29201289360643,0.7365115454013749,0.400419504447103,0.413891601710302,4.3021142204224816e-16
Common female-male cells,Occupation (ISCO-2),High income,Substitution-only,32,2.0273259227047897,1.4960403208711825,0.5312856018336078,2.19539921390088,1.6094777437359769,0.615490324438888,0.96875,0.125,1.3868229612858696,1.0420592978353014,0.30272947768213554,2.6128994861523105,1.9216633553358178,0.7578274635622341,-6.661338147750939e-16
Common female-male cells,Industry (ISIC-2),Low income,Augmentation-only,4,-0.36634044982121466,-0.8571400032171581,0.4907995533959434,-0.130190757489967,-0.7010545642282455,0.5354030139778916,0.75,1,-0.9535214521874036,-1.4877810921839987,0.35068819105405946,0.009965705328943367,-0.38098833105909785,0.5863074551558791,5.551115123125783e-17
Common female-male cells,Industry (ISIC-2),Low income,Overall exposure,4,0.76142878233619,1.8277910289047672,-1.0663622465685774,0.4648787574544146,1.2120298185721252,-1.385573432019443,0.5,0.75,-0.44066744129510554,0.7705736243207265,-1.727661950483632,1.9624301497731536,3.3405661282207584,-0.08585135720265696,2.220446049250313e-16
Common female-male cells,Industry (ISIC-2),Low income,Substitution-only,4,1.023971943493501,2.7249656781533518,-1.700993734659851,0.6471136414949246,1.7456572211868546,-1.6716227741937875,0.5,1,-0.34009889904362284,1.072491954190392,-2.8215077315473147,2.5228970176688015,5.356747859082808,-0.5804797377723875,2.220446049250313e-16
Common female-male cells,Industry (ISIC-2),Lower middle income,Augmentation-only,21,-0.3994595268759063,-0.7247132094566026,0.32525368258069604,-0.37980796866423194,-0.7623957115245436,0.31379415309345066,0.8095238095238095,0.7142857142857143,-0.7218323644247552,-0.8982552069077775,0.08447298488005583,-0.07825027583917346,-0.5557855076848658,0.5543779972662494,2.220446049250313e-16
Common female-male cells,Industry (ISIC-2),Lower middle income,Overall exposure,21,1.8960468878510148,1.2203341547090614,0.6757127331419547,1.8084084471220119,1.215302768986363,0.7740840645141085,0.8571428571428571,0.47619047619047616,0.5288922678291508,0.30248505248025004,-0.17691355625055605,3.2161812376695753,2.1018616947757423,1.5178138379263328,-1.2212453270876722e-15
Common female-male cells,Industry (ISIC-2),Lower middle income,Substitution-only,21,1.5714506890759057,1.6232516634794711,-0.05180097440356555,1.6453460627519927,2.1619702265239282,-0.24165655289879506,1,0.7142857142857143,0.5657183777638264,0.46956917790371766,-0.47421115331735947,2.5173078470388286,2.7196213984010655,0.37677655668456117,9.020562075079397e-17
Common female-male cells,Industry (ISIC-2),Upper middle income,Augmentation-only,16,-1.062015228536728,-0.8406150577122229,-0.22140017082450503,-1.086647450409672,-0.8439149517918372,-0.21179917353753397,0.9375,0.3125,-1.2924985162467884,-0.9353799395822098,-0.42740213610216016,-0.8098985026353378,-0.7382319138785192,-0.018412704117089344,0
Common female-male cells,Industry (ISIC-2),Upper middle income,Overall exposure,16,0.45648349791679166,-0.21017928898085356,0.6666627868976447,0.14818070267417885,-0.2936469670097909,0.6163015903741909,0.75,0.4375,-0.6585440833541322,-0.9398374449014647,0.12974100936095248,1.6485869253306753,0.49441132355439665,1.261208907873967,5.551115123125783e-16
Common female-male cells,Industry (ISIC-2),Upper middle income,Substitution-only,16,0.9537408192385054,0.6476570686369736,0.30608375060153137,0.9958462112714606,0.5428644343788632,0.3466980495386134,0.875,0.3125,0.046395597322271095,-0.1302668038982802,-0.15657948756692747,1.9151557327261632,1.4968317725972038,0.7927790965734797,4.440892098500626e-16
Common female-male cells,Industry (ISIC-2),High income,Augmentation-only,31,-0.839163754768638,-0.7555292355922475,-0.0836345191763905,-0.8369616659362247,-0.7475998383951735,-0.06442948279217829,0.967741935483871,0.41935483870967744,-1.0375183047479222,-0.8186750734802223,-0.2398236586364606,-0.6663748124478358,-0.6967432150984421,0.0653399337077882,-2.7755575615628914e-17
Common female-male cells,Industry (ISIC-2),High income,Overall exposure,31,-4.440501630286859,-3.3956958445683094,-1.0448057857185495,-4.389628170435979,-3.2508382781108027,-1.0948544653183134,1,0.16129032258064516,-5.560228500241689,-4.259325791638837,-1.4321235965689698,-3.238070870492945,-2.491968929314583,-0.6399200224742916,-4.440892098500626e-16
Common female-male cells,Industry (ISIC-2),High income,Substitution-only,31,-2.6025341358663265,-2.0412662306290432,-0.5612679052372835,-2.9823490375350388,-2.1905708933796273,-0.7077531171312195,0.9354838709677419,0.25806451612903225,-3.3103663945057527,-2.617465726970219,-0.8133560101215851,-1.875678047797766,-1.4223306320190878,-0.32514342729364226,2.220446049250313e-16
Figure 5 sex-specific support,Occupation (ISCO-2),Low income,Augmentation-only,14,-0.08703382467728062,-0.13359796768735846,0.046564143010077844,-0.04647195111638644,-0.1923918536060954,0.12277459805907874,0.8571428571428571,0.9285714285714286,-0.18484883935234428,-0.31719256796104195,-0.11527719216342959,-0.015342309746593537,0.07543360149235949,0.1750460858496686,0
Figure 5 sex-specific support,Occupation (ISCO-2),Low income,Overall exposure,14,1.384098334059897,2.097955592714471,-0.713857258654574,1.335014274499604,2.0941474793233628,-0.9066759156856734,0.9285714285714286,0.7857142857142857,0.5236769417259814,1.026629535115052,-1.0556406243696976,2.2024065829504664,3.1703932277165783,-0.3540238572689213,-2.220446049250313e-16
Figure 5 sex-specific support,Occupation (ISCO-2),Low income,Substitution-only,14,1.06693950762439,1.7565597944891347,-0.6896202868647443,1.1194113990213315,1.7530013399628401,-0.842830848819861,0.9285714285714286,0.7857142857142857,0.3458549388516683,0.649828036084551,-1.1355859989418895,1.808315328850593,2.908939807783938,-0.22101921879383205,-4.440892098500626e-16
Figure 5 sex-specific support,Occupation (ISCO-2),Lower middle income,Augmentation-only,26,0.07277430391773887,0.018148318418631914,0.054625985499106945,-0.024480377248613537,-0.07748737668636901,0.0630386550075208,0.8846153846153846,0.6153846153846154,-0.10790764056101364,-0.17557706194700762,-0.10864590555074123,0.2938035526675721,0.24357869558688752,0.2031671840951159,6.938893903907228e-18
Figure 5 sex-specific support,Occupation (ISCO-2),Lower middle income,Overall exposure,26,2.9221983130300067,2.5925784833955894,0.3296198296344184,3.775263421473979,2.8704053189757532,0.32285799239379903,0.9615384615384616,0.23076923076923078,1.6521640713536825,1.5711987864225097,-0.1544634326811579,4.156705962585468,3.5392537022568122,0.8209926590187865,-1.1102230246251565e-15
Figure 5 sex-specific support,Occupation (ISCO-2),Lower middle income,Substitution-only,26,1.7015420822311296,1.9898122122936133,-0.28827013006248386,2.204029855046783,3.1283687188172777,-0.2488116359498214,0.9615384615384616,0.6153846153846154,0.5554489813593284,0.7235740916426234,-0.6347408182254562,2.6980007900733103,3.0765781264394536,0.04876192003938953,1.6653345369377348e-16
Figure 5 sex-specific support,Occupation (ISCO-2),Upper middle income,Augmentation-only,16,-0.007201736629508661,0.1216284281178873,-0.12883016474739595,-0.041265924839758536,-0.089206360394926,0.013624284901042363,0.875,0.625,-0.18613470217244849,-0.1415208739398525,-0.4074537706741685,0.21572802231310176,0.46156674374341977,0.07763852791249222,0
Figure 5 sex-specific support,Occupation (ISCO-2),Upper middle income,Overall exposure,16,2.5325700821181854,2.4156703084810434,0.11689977363714124,2.1111567529530433,2.1541372398857845,-0.009635067475718464,0.9375,0.4375,1.4148206610015206,1.6540287926434198,-0.3493462317637499,3.673604233983471,3.1516931553484135,0.6503550686878858,7.494005416219807e-16
Figure 5 sex-specific support,Occupation (ISCO-2),Upper middle income,Substitution-only,16,1.853800697796419,1.823775078814281,0.030025618982138312,2.086815561516749,2.1694530871029833,0.052537144999125665,1,0.3125,0.6233926123656549,0.6106923325978101,-0.24443496688771554,3.0620344621834943,2.9394935970452694,0.31829344033885926,-3.5388358909926865e-16
Figure 5 sex-specific support,Occupation (ISCO-2),High income,Augmentation-only,32,-0.1539200782404529,-0.1878414381475735,0.03392135990712061,-0.1475549395057698,-0.15968798442633003,0.02039232797719711,0.8125,0.5625,-0.2672405186464242,-0.2671213116346296,-0.03224223946732299,-0.028559348338919294,-0.10893675686131396,0.11005781561174702,0
Figure 5 sex-specific support,Occupation (ISCO-2),High income,Overall exposure,32,-0.010702410559441312,1.3859035129963242,-1.3966059235557648,0.3815300454191882,1.35680591388701,-1.435556917068793,0.78125,0.6875,-0.8483046239897267,0.6964075100577369,-1.6966102749196428,0.8399992898911061,2.0582649031451643,-1.079543903441743,-6.661338147750939e-16
Figure 5 sex-specific support,Occupation (ISCO-2),High income,Substitution-only,32,2.080014451001684,2.1163095005791965,-0.03629504957751331,2.238471129250292,2.189613784293184,-0.0015955188357160265,0.875,0.4375,1.452106916482315,1.6454580904330691,-0.26448861938705304,2.669820247281557,2.5447584334254336,0.19141753317104862,5.828670879282072e-16
Figure 5 sex-specific support,Industry (ISIC-2),Low income,Augmentation-only,4,-0.34386044586624726,-0.8188330862610442,0.47497264039479675,-0.14954831722011203,-0.6924065907246539,0.5136029116521881,0.75,1,-0.9092883413874161,-1.4287301749262187,0.3626178141410462,0.007068002335831724,-0.40371663564367277,0.548697195391156,2.220446049250313e-16
Figure 5 sex-specific support,Industry (ISIC-2),Low income,Overall exposure,4,0.8389570995742464,2.105211374008042,-1.2662542744337952,0.3889948656101366,1.2809029677134904,-1.5923103485795091,0.5,0.75,-0.48938581236439127,0.7873368282296569,-2.021633839660654,2.290604653077146,4.178589687837436,-0.3511902824170685,-4.440892098500626e-16
Figure 5 sex-specific support,Industry (ISIC-2),Low income,Substitution-only,4,1.0494097210107123,2.767378586254355,-1.7179688652436416,0.5984172706081083,1.713204949527328,-1.6551083212444917,0.5,1,-0.37211990528341815,0.9983994453557199,-2.8903279927787695,2.7072071732992042,5.590531363880018,-0.545609737708514,-1.3322676295501878e-15
Figure 5 sex-specific support,Industry (ISIC-2),Lower middle income,Augmentation-only,21,-0.4361251599020303,-0.7506950038286352,0.3145698439266051,-0.5394393597867545,-0.7993866773943215,0.2895232886258563,0.8571428571428571,0.7142857142857143,-0.7420390128180512,-0.905495254153576,0.06578256167294803,-0.13169813319598803,-0.5787642475368706,0.5569300715141504,-2.220446049250313e-16
Figure 5 sex-specific support,Industry (ISIC-2),Lower middle income,Overall exposure,21,1.952766398643442,1.4798905878426263,0.4728758108008161,1.8512941949681234,1.3512785815325288,0.43855004947473947,0.8095238095238095,0.47619047619047616,0.5193670192060806,0.5375845299461511,-0.4052349803928753,3.3282841679362556,2.3739069908186785,1.363086551562749,-3.3306690738754696e-16
Figure 5 sex-specific support,Industry (ISIC-2),Lower middle income,Substitution-only,21,1.5868853303696,1.7225495231445807,-0.13566419277498062,1.6529398606383543,2.3702492697397246,-0.30679703214357734,1,0.6666666666666666,0.5207675346271744,0.505067450644887,-0.5455421825675132,2.606829247650412,2.811216450109129,0.28610895524556756,-2.7755575615628914e-17
Figure 5 sex-specific support,Industry (ISIC-2),Upper middle income,Augmentation-only,16,-1.0764936629947695,-0.8229669324210944,-0.2535267305736751,-1.086939490935929,-0.8133627998180103,-0.25846270876296923,0.9375,0.1875,-1.3206160824188535,-0.9135634614200033,-0.46474104782210485,-0.8211270940135291,-0.7245488932541695,-0.04578646207374033,5.551115123125783e-17
Figure 5 sex-specific support,Industry (ISIC-2),Upper middle income,Overall exposure,16,0.48851577194731566,0.2765625335053028,0.2119532384420133,0.2374845606159871,0.2949164888910405,0.10204625825491953,0.9375,0.1875,-0.6146292918080245,-0.394614953117534,-0.3392547751951142,1.6834767167804892,0.9678309069980606,0.7978967839322634,-4.440892098500626e-16
Figure 5 sex-specific support,Industry (ISIC-2),Upper middle income,Substitution-only,16,0.9922130905465908,0.891569674028016,0.10064341651857474,0.997960958840395,0.7645994643527719,0.14671444944184148,1,0.3125,-0.0047949341443517595,0.10915075146581905,-0.3934431220343689,1.9430099697615966,1.7399170887187219,0.600673206066632,4.163336342344337e-17
Figure 5 sex-specific support,Industry (ISIC-2),High income,Augmentation-only,31,-0.8930885611300783,-0.754997380033123,-0.1380911810969552,-0.8776431675478632,-0.7250440049235856,-0.1093746503045131,0.967741935483871,0.3548387096774194,-1.093466081076066,-0.8257443525423834,-0.30139475386805964,-0.7072675876428701,-0.6904393405312821,0.022241812450731046,-8.326672684688674e-17
Figure 5 sex-specific support,Industry (ISIC-2),High income,Overall exposure,31,-4.449637772843186,-2.7871973656578426,-1.6624404071853425,-4.921066497606264,-2.7143824590106838,-1.6186227688615944,0.967741935483871,0.16129032258064516,-5.6399416390246255,-3.6942727663123747,-2.085665231170733,-3.2707569857138648,-1.8912999650265396,-1.240890387112832,-8.881784197001252e-16
Figure 5 sex-specific support,Industry (ISIC-2),High income,Substitution-only,31,-2.5902837520700404,-1.7742065806920875,-0.8160771713779529,-3.024624316166136,-2.183372564162004,-0.9303993643649726,0.967741935483871,0.16129032258064516,-3.2759514895715283,-2.3268323253159306,-1.0610021286265925,-1.8490329446171185,-1.140414041169488,-0.5629943851444397,0
Figure 5 support; employment-weighted reference,Occupation (ISCO-2),Low income,Augmentation-only,14,-0.08703382467728062,-0.14522436255656598,0.05819053787928538,-0.04647195111638644,-0.21264649488238063,0.15678513571662112,0.8571428571428571,1,-0.1860007756380927,-0.3263989259873142,-0.10967030499373387,-0.01574943411841996,0.06493858418210638,0.1816348573425325,-1.3877787807814457e-17
Figure 5 support; employment-weighted reference,Occupation (ISCO-2),Low income,Overall exposure,14,1.384098334059897,1.466732051869939,-0.082633717810042,1.335014274499604,1.6436304217031703,-0.08331697711180328,0.9285714285714286,0.7142857142857143,0.4866292318773976,0.31658384178484283,-0.5382186033764415,2.2224861397514735,2.5487706555421106,0.3699693778447348,-2.7755575615628914e-17
Figure 5 support; employment-weighted reference,Occupation (ISCO-2),Low income,Substitution-only,14,1.06693950762439,1.356986693838785,-0.2900471862143946,1.1194113990213315,1.6793422625428889,-0.36386685426630794,0.8571428571428571,0.9285714285714286,0.32486727183250563,0.20044367148263162,-0.8024252365642212,1.8226479670194171,2.5583309806697625,0.22547630563385362,-3.3306690738754696e-16
Figure 5 support; employment-weighted reference,Occupation (ISCO-2),Lower middle income,Augmentation-only,26,0.07277430391773887,0.010819382000843588,0.06195492191689532,-0.024480377248613537,-0.08092778523420091,0.09812346373803595,0.8846153846153846,0.5384615384615384,-0.10425287373318214,-0.16756932011604658,-0.08585587029176502,0.2807047369937948,0.2158165295563168,0.2021816491544394,-4.163336342344337e-17
Figure 5 support; employment-weighted reference,Occupation (ISCO-2),Lower middle income,Overall exposure,26,2.9221983130300067,2.0452890297723916,0.8769092832576152,3.775263421473979,2.810338755823595,0.8197900133446725,0.9615384615384616,0.34615384615384615,1.7631745708421382,0.7157814534231852,0.4569031579508932,4.100046432910444,3.3706824071205057,1.3275696345198371,-1.1102230246251565e-16
Figure 5 support; employment-weighted reference,Occupation (ISCO-2),Lower middle income,Substitution-only,26,1.7015420822311296,1.667464651069459,0.034077431161670724,2.204029855046783,2.780544154783188,-0.14678017354897277,0.9230769230769231,0.7692307692307693,0.5261940010389482,0.13255664017161375,-0.42191540496162777,2.740240369648141,3.0462036608872363,0.5113749352434483,-2.220446049250313e-16
Figure 5 support; employment-weighted reference,Occupation (ISCO-2),Upper middle income,Augmentation-only,16,-0.007201736629508661,0.1942220308067061,-0.20142376743621476,-0.041265924839758536,0.014052843584472677,-0.07002324182664695,0.8125,0.4375,-0.1908162777941974,-0.070619559987425,-0.48390334507506355,0.21431804475272725,0.5327763849057385,0.011675333865910058,0
Figure 5 support; employment-weighted reference,Occupation (ISCO-2),Upper middle income,Overall exposure,16,2.5325700821181854,2.7683037034452083,-0.2357336213270233,2.1111567529530433,2.5033424799300175,-0.2835833008984112,0.9375,0.5625,1.455535888190666,1.8465441625312522,-0.6841427117912148,3.662669473790872,3.686354593461697,0.1750327748207193,3.885780586188048e-16
Figure 5 support; employment-weighted reference,Occupation (ISCO-2),Upper middle income,Substitution-only,16,1.853800697796419,2.0194895386934713,-0.16568884089705269,2.086815561516749,2.3419180686185967,-0.37196208401110104,1,0.6875,0.5138302850330901,0.5841327361448753,-0.4192723096077952,2.9951013254772745,3.2557047106816848,0.16153812997549657,4.163336342344337e-16
Figure 5 support; employment-weighted reference,Occupation (ISCO-2),High income,Augmentation-only,32,-0.1539200782404529,-0.11790720307680064,-0.03601287516365233,-0.1475549395057698,-0.08004211015041018,-0.06059357760404087,0.875,0.25,-0.27366156459480223,-0.20441573021841505,-0.1002700082817488,-0.030271824781520774,-0.03511098620970003,0.037000475406100714,6.938893903907228e-17
Figure 5 support; employment-weighted reference,Occupation (ISCO-2),High income,Overall exposure,32,-0.010702410559441312,1.4553823963155827,-1.4660848068750236,0.3815300454191882,1.5293539926049498,-1.5431074598243493,0.8125,0.6875,-0.8816582128920878,0.7443268775223262,-1.7471591028858098,0.8199114931894241,2.1328616853516538,-1.1893220189364377,-4.440892098500626e-16
Figure 5 support; employment-weighted reference,Occupation (ISCO-2),High income,Substitution-only,32,2.080014451001684,2.4424057748345653,-0.3623913238328819,2.238471129250292,2.6799406310162004,-0.40816944238564923,0.875,0.65625,1.3994636826188576,1.909170954091463,-0.5696803233708964,2.7179471394393175,2.9549834504663677,-0.15304937135313748,3.885780586188048e-16
Figure 5 support; employment-weighted reference,Industry (ISIC-2),Low income,Augmentation-only,4,-0.34386044586624726,-0.7646801483125487,0.42081970244630146,-0.14954831722011203,-0.5506661705544511,0.40111785333433886,0.75,1,-0.8511675002823988,-1.4397951525827388,0.2916164433253827,0.007068002335831724,-0.3035791218004563,0.5527797889170196,0
Figure 5 support; employment-weighted reference,Industry (ISIC-2),Low income,Overall exposure,4,0.8389570995742464,1.6682893496085256,-0.8293322500342795,0.3889948656101366,0.40549021534394447,-0.31537983657859925,1,0.25,-0.48938581236439127,-0.17400597578579147,-2.195038126736271,2.290604653077146,4.487649845924276,0.022421213212031832,2.220446049250313e-16
Figure 5 support; employment-weighted reference,Industry (ISIC-2),Low income,Substitution-only,4,1.0494097210107123,2.4501527043405225,-1.4007429833298102,0.5984172706081083,1.1802267713464971,-1.0478295307033676,0.5,1,-0.37211990528341815,0.6482044617924244,-2.6749378382880407,2.7072071732992042,5.522026879882646,-0.3020457641475909,0
Figure 5 support; employment-weighted reference,Industry (ISIC-2),Lower middle income,Augmentation-only,21,-0.4361251599020303,-0.6052468921663788,0.1691217322643485,-0.5394393597867545,-0.7021168599193506,0.0665460001881734,0.9047619047619048,0.5238095238095238,-0.7611654337677337,-0.8013269359282946,-0.07264847905073517,-0.12795451444485206,-0.3940333786485635,0.41792270168155804,0
Figure 5 support; employment-weighted reference,Industry (ISIC-2),Lower middle income,Overall exposure,21,1.952766398643442,0.9103122343472649,1.0424541642961782,1.8512941949681234,0.7638404837788239,0.9211461775202578,0.7619047619047619,0.7619047619047619,0.5543464676385954,-0.6950301868169162,0.23641909225908284,3.387514137688371,2.462396604970913,1.9252586525615325,-1.1102230246251565e-15
Figure 5 support; employment-weighted reference,Industry (ISIC-2),Lower middle income,Substitution-only,21,1.5868853303696,1.3028071521629765,0.28407817820662445,1.6529398606383543,1.9529103454974002,0.16902100847086082,0.9523809523809523,0.6666666666666666,0.5731913702670047,-0.05068292880569064,-0.25583249473104164,2.5751926031816765,2.6269367967114885,0.8144238942713841,-9.43689570931383e-16
Figure 5 support; employment-weighted reference,Industry (ISIC-2),Upper middle income,Augmentation-only,16,-1.0764936629947695,-0.6956468971448518,-0.38084676584991767,-1.086939490935929,-0.7732976394579258,-0.36729616684538513,0.9375,0.125,-1.3095656489874559,-0.7986898669529934,-0.6088778618073816,-0.8195320268778162,-0.5757292258380675,-0.17521526476927782,5.551115123125783e-17
Figure 5 support; employment-weighted reference,Industry (ISIC-2),Upper middle income,Overall exposure,16,0.48851577194731566,0.9381966415373744,-0.44968086959005954,0.2374845606159871,0.823429542504314,-0.3853805844095408,0.8125,0.5,-0.60875505094284,0.013775141914730837,-0.9110755019691191,1.7093214627570532,1.9240159472931322,-0.02185457905454872,8.326672684688674e-16
Figure 5 support; employment-weighted reference,Industry (ISIC-2),Upper middle income,Substitution-only,16,0.9922130905465908,1.065298016675824,-0.07308492612923281,0.997960958840395,1.1661344502275748,0.048217479753811174,0.875,0.5,0.010223230686040412,0.17077817201416723,-0.5650139383117748,1.9755472425616305,2.0463023159594957,0.3602680521072656,-3.0531133177191805e-16
Figure 5 support; employment-weighted reference,Industry (ISIC-2),High income,Augmentation-only,31,-0.8930885611300783,-0.652380192173552,-0.24070836895652623,-0.8776431675478632,-0.6293342129270229,-0.2004612588999198,0.967741935483871,0.22580645161290322,-1.0923440198707342,-0.7127416404196076,-0.4077223302950772,-0.7082257092419005,-0.5903356408687771,-0.0824991554151285,-2.7755575615628914e-17
Figure 5 support; employment-weighted reference,Industry (ISIC-2),High income,Overall exposure,31,-4.449637772843186,-2.941583800711999,-1.5080539721311865,-4.921066497606264,-2.9752986489684,-1.5307743632722564,0.9032258064516129,0.22580645161290322,-5.657503369027467,-3.8989973164177893,-1.9044289721303544,-3.26382688675959,-1.9702172941847123,-1.13122112509271,-4.440892098500626e-16
Figure 5 support; employment-weighted reference,Industry (ISIC-2),High income,Substitution-only,31,-2.5902837520700404,-1.8728387151398096,-0.7174450369302305,-3.024624316166136,-2.1140017075986806,-0.765106595528175,1,0.22580645161290322,-3.2909185066371807,-2.4872735704235156,-0.9292929778649766,-1.8170978035074172,-1.1836055281566509,-0.4858552284860638,-2.220446049250313e-16
