iso3,country_name,income_level,ilostat_year,exposed_SEX_F,exposed_SEX_M,sub_SEX_F,sub_SEX_M,both_SEX_F,both_SEX_M,aug_SEX_F,aug_SEX_M,matched_weight_SEX_F,matched_weight_SEX_M,matched_codes_SEX_F,matched_codes_SEX_M,exposed_gap_pp,sub_gap_pp,both_gap_pp,aug_gap_pp,domain,unit_note
AFG,Afghanistan,Low income,2020,0.0960003134694565,0.11167910023654652,0.05571218914797475,0.06615585774522464,0.03545685552789581,0.04058734527758528,0.004831268793585953,0.004935897213736566,0.9506317093011432,0.9343913180370561,20,41,-1.5678786767090016,-1.044366859724989,-0.5130489749689465,-0.010462842015061292,Occupation ISCO-2,country x sex; ISCO-08 2-digit employment weights
AGO,Angola,Lower middle income,2024,0.3131700182133731,0.2693800972630114,0.17143911526303524,0.12742315294416315,0.13790687878167562,0.13436963185877712,0.0038240241686621572,0.007587312460071251,0.554061009397002,0.6368361054292163,37,42,4.378992095036171,4.401596231887209,0.35372469228985015,-0.37632882914090937,Occupation ISCO-2,country x sex; ISCO-08 2-digit employment weights
ARE,United Arab Emirates,High income,2022,0.5756978883129771,0.5678028966390616,0.29424093633436155,0.254247558962928,0.24479228014434948,0.2778230843675166,0.03666467183426599,0.03573225330861705,0.9999999999999999,0.9993340313820718,32,41,0.7894991673915497,3.999337737143355,-3.303080422316715,0.09324185256489453,Occupation ISCO-2,country x sex; ISCO-08 2-digit employment weights
ARG,Argentina,Upper middle income,2024,0.5485526217834658,0.5363417927817665,0.29106445039020135,0.2711953223257803,0.23169155958713925,0.24057683194996085,0.025796611806125174,0.02456963850602541,0.9999999999999998,0.9999999999999996,36,38,1.221082900169923,1.9869128064421038,-0.8885272362821606,0.12269733000997637,Occupation ISCO-2,country x sex; ISCO-08 2-digit employment weights
AUS,Australia,High income,2024,0.5943966473598252,0.5915386236933825,0.2554112400275584,0.23884968697816095,0.29270371376126697,0.30694503551978336,0.04628169357099985,0.04574390119543828,1,0.9999999999999997,41,41,0.28580236664427217,1.6561553049397437,-1.424132175851639,0.05377923755615702,Occupation ISCO-2,country x sex; ISCO-08 2-digit employment weights
AUT,Austria,High income,2024,0.5912043204866627,0.5947474918362033,0.2711043090594254,0.23801531236093174,0.27874959654806836,0.3103095421804212,0.041350414879169003,0.04642263729485036,1.0000000000000002,1.0000000000000004,39,42,-0.35431713495406303,3.308899669849366,-3.155994563235287,-0.5072222415681359,Occupation ISCO-2,country x sex; ISCO-08 2-digit employment weights
BDI,Burundi,Low income,2020,0.07343711356462995,0.06235433945336602,0.04494245826051652,0.03894410822789609,0.024944217390793385,0.020859493902704414,0.003550437913320038,0.0025507373227655,0.12988432803740904,0.29032747436227035,29,36,1.108277411126393,0.5998350032620434,0.40847234880889705,0.09997005905545381,Occupation ISCO-2,country x sex; ISCO-08 2-digit employment weights
BEL,Belgium,High income,2024,0.5900675317419067,0.6047783053615651,0.2668731668025832,0.2457996747658141,0.2777869259382099,0.31076129065096714,0.04540743900111361,0.04821733994478391,0.9999999999999998,1,36,41,-1.4710773619658335,2.1073492036769115,-3.297436471275722,-0.2809900943670299,Occupation ISCO-2,country x sex; ISCO-08 2-digit employment weights
BEN,Benin,Lower middle income,2022,0.23496824918516293,0.1744696361906145,0.11925247942504175,0.07397697392180906,0.10188347711148268,0.07972996435365715,0.013832292648638483,0.020762697915148256,0.8982595046445762,0.8532712751566071,25,41,6.049861299454842,4.5275505503232685,2.2153512757825538,-0.6930405266509774,Occupation ISCO-2,country x sex; ISCO-08 2-digit employment weights
BFA,Burkina Faso,Low income,2024,0.15197459733292576,0.12862930553560264,0.08116691517792989,0.061919935787871604,0.06479453071696772,0.05891648205572658,0.006013151438028242,0.00779288769200449,0.4609465213649133,0.4961847523795976,25,36,2.3345291797323116,1.924697939005828,0.5878048661241142,-0.17797362539762485,Occupation ISCO-2,country x sex; ISCO-08 2-digit employment weights
BGD,Bangladesh,Lower middle income,2024,0.23728813452072325,0.2922171055645252,0.07543772110438017,0.12685390952897604,0.15658634532918955,0.15801465576979165,0.005264068087153601,0.007348540265757415,0.9989480710235228,0.9980511749050738,38,41,-5.492897104380193,-5.141618842459588,-0.14283104406020986,-0.20844721786038137,Occupation ISCO-2,country x sex; ISCO-08 2-digit employment weights
BGR,Bulgaria,High income,2024,0.6339284315509188,0.5980365021571563,0.2699409577607797,0.24757762765461805,0.29134960126802645,0.2856163553261466,0.07263787252211283,0.06484251917639161,0.9999999999999998,0.9999999999999998,40,42,3.589192939376251,2.236333010616165,0.573324594187985,0.7795353345721221,Occupation ISCO-2,country x sex; ISCO-08 2-digit employment weights
BLR,Belarus,Upper middle income,2024,0.5767218600287966,0.5467496088212854,0.22231232579912197,0.2305421729036286,0.2850291002031222,0.25946266553636654,0.06938043402655239,0.0567447703812903,0.9999999999999999,1,38,37,2.9972251207511125,-0.8229847104506638,2.5566434666755677,1.2635663645262092,Occupation ISCO-2,country x sex; ISCO-08 2-digit employment weights
BOL,Bolivia,Lower middle income,2024,0.34210325165465616,0.3104979710727348,0.14188143587137295,0.12208870699848667,0.17478265001081117,0.161984310264616,0.02543916577247216,0.026424953809632275,0.9999999999999999,1.0000000000000004,39,40,3.160528058192136,1.9792728872886274,1.279833974619518,-0.09857880371601166,Occupation ISCO-2,country x sex; ISCO-08 2-digit employment weights
BRA,Brazil,Upper middle income,2024,0.5519505870265884,0.547513039645042,0.2899867229274135,0.26811953976149944,0.23482123000586066,0.25223167298642596,0.02714263409331447,0.027161826897116447,1.0000000000000002,1.0000000000000002,42,42,0.4437547381546336,2.1867183165914073,-1.7410442980565293,-0.0019192803801977576,Occupation ISCO-2,country x sex; ISCO-08 2-digit employment weights
CHE,Switzerland,High income,2024,0.5822634684517136,0.596835801147675,0.261504484123337,0.22603126599466286,0.2754239845668498,0.3180054256672187,0.045334999761527085,0.05279910948579368,0.9999999999999997,0.9999999999999998,37,41,-1.4572332695961365,3.5473218128674127,-4.258144110036888,-0.7464109724266594,Occupation ISCO-2,country x sex; ISCO-08 2-digit employment weights
CHL,Chile,High income,2022,0.5466396856145708,0.5418671083726297,0.2638221219254992,0.24174858020327447,0.2533649686609386,0.2691645204724992,0.02945259502813265,0.030954007696856096,0.9998069458302148,0.9992669760905843,40,42,0.4772577241941023,2.2073541722224728,-1.579955181156062,-0.15014126687234453,Occupation ISCO-2,country x sex; ISCO-08 2-digit employment weights
CIV,Cote d'Ivoire,Lower middle income,2019,0.28696419393812805,0.2301908178215569,0.1436242218540344,0.10067638331376837,0.1371164471927522,0.12010309472457281,0.006223524891341548,0.009411339783215665,1,0.9988986638398509,17,35,5.677337611657116,4.294783854026603,1.7013352468179392,-0.3187814891874118,Occupation ISCO-2,country x sex; ISCO-08 2-digit employment weights
COD,"Congo, Dem. Rep.",Low income,2020,0.06384358602881117,0.06450960884682017,0.03251355970717417,0.03235383818756545,0.03071443020353603,0.030755975267549744,6.155961181009764e-4,0.0013997953917049874,0.6588422616856049,0.6891553391490798,29,35,-0.06660228180089961,0.015972151960871872,-0.004154506401371494,-0.0784199273604011,Occupation ISCO-2,country x sex; ISCO-08 2-digit employment weights
COL,Colombia,Upper middle income,2024,0.5137610039655806,0.4856777144643363,0.2507576220000893,0.21977326183202117,0.24313574335539262,0.24293970679464713,0.019867638610098583,0.02296474583766789,0.9999999999999998,1,41,42,2.808328950124428,3.0984360168068106,0.019603656074548836,-0.3097107227569309,Occupation ISCO-2,country x sex; ISCO-08 2-digit employment weights
CRI,Costa Rica,High income,2024,0.5974068065406242,0.5781449264375617,0.28487548402526536,0.25084102830032323,0.2530573485800957,0.26489733592799675,0.05947397393526308,0.062406562209241664,1,1,39,39,1.9261880103062512,3.4034455724942125,-1.1839987347901038,-0.29325882739785825,Occupation ISCO-2,country x sex; ISCO-08 2-digit employment weights
CZE,Czechia,High income,2024,0.5855977655529391,0.571497249885349,0.26943612566535763,0.24421165403663905,0.28192709252277004,0.2879326515423863,0.034234547364811366,0.039352944306323745,0.9999999999999998,0.9988408891814797,37,39,1.4100515667590074,2.5224471628718574,-0.6005559019616247,-0.511839694151238,Occupation ISCO-2,country x sex; ISCO-08 2-digit employment weights
DEU,Germany,High income,2024,0.6129288766000095,0.621534821072489,0.2909805237781933,0.2568030386628029,0.2796294131868425,0.3158856685948594,0.04231893963497399,0.04884611381482679,1.0000000000000004,1,39,41,-0.8605944472479532,3.4177485115390374,-3.6256255408016913,-0.6527174179852803,Occupation ISCO-2,country x sex; ISCO-08 2-digit employment weights
DNK,Denmark,High income,2024,0.5927550706784952,0.6234821623613147,0.260480014387418,0.2619427078318999,0.28445750263019,0.31559016455914446,0.047817553660887066,0.04594928997027055,1.0000000000000002,0.9999999999999999,38,41,-3.0727091682819507,-0.1462693444481855,-3.1132661928954475,0.18682636906165173,Occupation ISCO-2,country x sex; ISCO-08 2-digit employment weights
DOM,Dominican Republic,Upper middle income,2024,0.5005985504320543,0.4334090648746714,0.2521511481110036,0.19330395889345767,0.21418278250136466,0.20506376937268608,0.03426461981968615,0.035041336608527734,0.9999999999999998,1.0000000000000002,41,42,6.718948555738286,5.884718921754592,0.9119013128678577,-0.0776716788841586,Occupation ISCO-2,country x sex; ISCO-08 2-digit employment weights
ECU,Ecuador,Upper middle income,2024,0.4575180565173728,0.4447973497381664,0.19110782386161118,0.17328170055143466,0.2238384737461254,0.22470476957294608,0.04257175890963608,0.04681087961378567,0.9574690713764222,0.9728388072800374,40,42,1.2720706779206392,1.7826123310176523,-0.08662958268206844,-0.4239120704149585,Occupation ISCO-2,country x sex; ISCO-08 2-digit employment weights
EGY,"Egypt, Arab Rep.",Lower middle income,2024,0.4656824721390525,0.4416922657366746,0.1937309247140059,0.20178994265252506,0.24670128803852742,0.2209940928812716,0.025250259386519137,0.018908230202877893,1.0000000000000004,0.9997161084332926,36,39,2.3990206402377923,-0.8059017938519153,2.5707195157255835,0.6342029183641243,Occupation ISCO-2,country x sex; ISCO-08 2-digit employment weights
ESP,Spain,High income,2024,0.5836052692703644,0.5694707306503539,0.2864239899755029,0.25442707379615714,0.2635491562206854,0.28011081107971925,0.03363212307417599,0.034932845774477646,0.9999999999999998,1,39,42,1.4134538620010462,3.1996916179345747,-1.6561654859033825,-0.13007227003016542,Occupation ISCO-2,country x sex; ISCO-08 2-digit employment weights
ETH,Ethiopia,Not classified,2021,0.18811086900339902,0.16826982926809206,0.1039168294567972,0.08107913260329996,0.08093447983481306,0.08341286946200703,0.0032595597117887473,0.0037778272027850467,0.6732992114343094,0.5370741278004394,42,42,1.9841039735306958,2.2837696853497236,-0.24783896271939748,-0.051826749099629935,Occupation ISCO-2,country x sex; ISCO-08 2-digit employment weights
FIN,Finland,High income,2024,0.571897853001046,0.6116728104031786,0.24171469698068365,0.24691840837220316,0.2844443809954514,0.3150662766593226,0.04573877502491089,0.04968812537165271,0.9999999999999998,0.9999999999999999,38,41,-3.977495740213255,-0.5203711391519511,-3.062189566387119,-0.394935034674182,Occupation ISCO-2,country x sex; ISCO-08 2-digit employment weights
FRA,France,High income,2024,0.5933357210293979,0.5947923695520773,0.25845892519969516,0.23032184346934728,0.2890122496878884,0.31465994847963713,0.04586454614181448,0.04981057760309288,1,1.0000000000000002,41,41,-0.1456648522679349,2.8137081730347875,-2.5647698791748716,-0.39460314612784,Occupation ISCO-2,country x sex; ISCO-08 2-digit employment weights
GBR,United Kingdom,High income,2024,0.5907457072748874,0.6044130778152622,0.24723943043636024,0.23504931377976393,0.2973635494392153,0.3198753194803974,0.04614272739931188,0.049488444555101256,1.0000000000000004,0.9999999999999999,40,40,-1.3667370540374812,1.2190116656596306,-2.25117700411821,-0.33457171557893794,Occupation ISCO-2,country x sex; ISCO-08 2-digit employment weights
GIN,Guinea,Lower middle income,2019,0.16127099547541757,0.12383677685691953,0.10403094195105164,0.07161152109399584,0.05567637947771132,0.04822955568825682,0.0015636740466546328,0.003995700074666902,0.6672454648582415,0.673446079732765,23,37,3.7434218618498036,3.2419420857055807,0.74468237894545,-0.2432026028012269,Occupation ISCO-2,country x sex; ISCO-08 2-digit employment weights
GRC,Greece,High income,2024,0.560988527406206,0.5386483107533164,0.2799469570250044,0.2437959939874597,0.24811154758487147,0.259588821143523,0.032930022796330075,0.03526349562233388,0.9999999999999998,1,38,38,2.2340216652889544,3.6150963037544672,-1.1477273558651524,-0.23334728260038032,Occupation ISCO-2,country x sex; ISCO-08 2-digit employment weights
GTM,Guatemala,Upper middle income,2024,0.42202338525233213,0.3639483063547085,0.20027666166116687,0.15297274337976915,0.1949219213366063,0.18050604552514768,0.02682480225455889,0.030469517449791605,0.9806878562398672,0.9579328387145364,37,38,5.807507889762364,4.730391828139771,1.4415875811458618,-0.3644715195232715,Occupation ISCO-2,country x sex; ISCO-08 2-digit employment weights
HND,Honduras,Lower middle income,2024,0.4132067358275775,0.3465444517298895,0.18976305058640786,0.1461522889948393,0.1986096555615783,0.17170884053230515,0.024834029679591463,0.028683322202745037,1,1,33,39,6.666228409768799,4.3610761591568545,2.690081502927316,-0.38492925231535735,Occupation ISCO-2,country x sex; ISCO-08 2-digit employment weights
HRV,Croatia,High income,2024,0.6346445108020071,0.609824716568563,0.2605888850449078,0.22892170528639927,0.29058055207472067,0.2982877724623934,0.08347507368237879,0.08261523881977054,1.0000000000000002,0.9999999999999999,38,42,2.481979423344416,3.1667179758508524,-0.7707220387672742,0.08598348626082525,Occupation ISCO-2,country x sex; ISCO-08 2-digit employment weights
HUN,Hungary,High income,2024,0.589277685664584,0.5593360451951438,0.282005500183395,0.24705529228347073,0.2746976170355495,0.2775979396825589,0.032574568445639655,0.03468281322911405,1,1.0000000000000002,42,42,2.9941640469440256,3.4950207899924255,-0.2900322647009401,-0.21082447834743917,Occupation ISCO-2,country x sex; ISCO-08 2-digit employment weights
IDN,Indonesia,Upper middle income,2023,0.4817737185345459,0.4621783993354911,0.22543264104012656,0.2189470134376365,0.23476600634834302,0.22111154998921753,0.021575071146076246,0.022119835908636927,0.9738709216703084,0.9737066500756646,42,42,1.9595319199054828,0.6485627602490052,1.3654456359125489,-0.05447647625606809,Occupation ISCO-2,country x sex; ISCO-08 2-digit employment weights
IND,India,Lower middle income,2024,0.43725446552709535,0.46107383906973787,0.1696569080562415,0.2050363342732352,0.23544846602384834,0.2295318951357129,0.03214909144700549,0.026505609660789718,0.9384890692882288,0.9843845886981776,39,39,-2.381937354264252,-3.5379426216993695,0.5916570888135436,0.5643481786215775,Occupation ISCO-2,country x sex; ISCO-08 2-digit employment weights
IRL,Ireland,High income,2024,0.580705292369124,0.5843879868135936,0.246059554856098,0.22499366130679954,0.29045267066043856,0.3128339237315771,0.044193066852587636,0.04656040177521693,0.9999999999999997,0.9999999999999997,36,40,-0.36826944444695586,2.106589354929847,-2.2381253071138527,-0.2367334922629291,Occupation ISCO-2,country x sex; ISCO-08 2-digit employment weights
IRN,"Iran, Islamic Rep.",Upper middle income,2024,0.45897964239204553,0.46404029644430106,0.20138853699775408,0.2326855315878839,0.23536290176439323,0.213071744118093,0.022228203629898212,0.01828302073832414,0.9994937528699357,0.9996658522685373,38,39,-0.5060654052255531,-3.1296994590129827,2.2291157646300244,0.39451828915740733,Occupation ISCO-2,country x sex; ISCO-08 2-digit employment weights
IRQ,Iraq,Upper middle income,2021,0.31149139252705743,0.29340321094539745,0.10076090565071234,0.12905925218211775,0.19443980325243526,0.14960713674742013,0.01629068362390981,0.01473682201585959,0.9827070583288527,0.9780897604287275,27,42,1.808818158165998,-2.8298346531405407,4.4832666505015135,0.15538616080502196,Occupation ISCO-2,country x sex; ISCO-08 2-digit employment weights
ISR,Israel,High income,2024,0.5667105155836497,0.5854787583799098,0.22353853494262735,0.22425462376043034,0.2972321832291022,0.31385614201291423,0.04593979741192021,0.04736799260656514,0.9999999999999997,0.9999999999999999,38,38,-1.8768242796260104,-0.07160888178029956,-1.662395878381201,-0.14281951946449323,Occupation ISCO-2,country x sex; ISCO-08 2-digit employment weights
ITA,Italy,High income,2024,0.5900283828238218,0.5815316806416816,0.30048481544668093,0.26444584676084837,0.2567378278670792,0.2828323744538287,0.032805739510061806,0.03425345942700458,1.0000000000000002,0.9999999999999999,42,42,0.8496702182140159,3.603896868583256,-2.609454658674948,-0.14477199169427718,Occupation ISCO-2,country x sex; ISCO-08 2-digit employment weights
JOR,Jordan,Lower middle income,2023,0.4802191847336282,0.4615706648862416,0.18419238875628827,0.17948023004463787,0.23334823411086172,0.23788208809758787,0.06267856186647813,0.04420834674401594,0.9997834748883944,0.9956159469655317,27,35,1.864851984738658,0.47121587116503993,-0.45338539867261496,1.847021512246219,Occupation ISCO-2,country x sex; ISCO-08 2-digit employment weights
JPN,Japan,High income,2023,0.6143316306613731,0.6429163824763363,0.3345067791571381,0.3234046884673831,0.2491380661379205,0.287375222521247,0.030686785366314456,0.03213647148770641,0.9999999999999999,1,22,22,-2.8584751814963227,1.110209068975504,-3.8237156383326476,-0.14496861213919543,Occupation ISCO-2,country x sex; ISCO-08 2-digit employment weights
KEN,Kenya,Lower middle income,2022,0.31162725699257604,0.3152939164532067,0.09700705437118928,0.11197331796379305,0.19404309522957525,0.18516249784502145,0.02057710739181151,0.018158100644392106,0.9622691779122409,0.97938321590171,26,32,-0.36666594606306613,-1.4966263592603766,0.8880597384553796,0.24190067474194055,Occupation ISCO-2,country x sex; ISCO-08 2-digit employment weights
KGZ,Kyrgyz Republic,Lower middle income,2023,0.37286094464898917,0.33671345434540706,0.15401559787618935,0.1497018213535903,0.18470903047676862,0.15956397608359468,0.03413631629603111,0.027447656908222193,0.9957747048957153,0.9687591640313309,37,39,3.614749030358211,0.4313776522599039,2.514505439317394,0.6688659387808916,Occupation ISCO-2,country x sex; ISCO-08 2-digit employment weights
KHM,Cambodia,Lower middle income,2023,0.3310800749535661,0.2803220592682407,0.14789947719744181,0.12023086262863202,0.16739156904116653,0.144428515644975,0.01578902871495781,0.015662680994633672,0.8858026453859441,0.9128584687520519,38,40,5.0758015685325395,2.7668614568809797,2.2963053396191535,0.012634772032413602,Occupation ISCO-2,country x sex; ISCO-08 2-digit employment weights
LAO,Lao PDR,Lower middle income,2022,0.22644821555708403,0.20223662887478522,0.09983267061612547,0.08443468028339092,0.10938423624917923,0.09970077838204502,0.017231308691779385,0.018101170209349284,0.6740322922228421,0.7327501531831765,20,23,2.421158668229881,1.5397990332734548,0.9683457867134204,-0.08698615175698997,Occupation ISCO-2,country x sex; ISCO-08 2-digit employment weights
LKA,Sri Lanka,Lower middle income,2024,0.43210687889880467,0.3940358290878234,0.18375168420928756,0.16416949161598696,0.21018933598001258,0.19553239858572904,0.038165858709504556,0.034333938886107446,1.0000000000000004,0.9995052158495855,38,40,3.8071049810981252,1.9582192593300602,1.4656937394283531,0.3831919823397111,Occupation ISCO-2,country x sex; ISCO-08 2-digit employment weights
MDG,Madagascar,Low income,2022,0.10907566649183006,0.09712595933844043,0.057809671123812884,0.04655444236834545,0.04825551901038388,0.04740346271144551,0.003010476357633342,0.0031680542586494764,0.7180881956501894,0.794145056126477,24,30,1.1949707153389637,1.125522875546743,0.08520562989383709,-0.01575779010161344,Occupation ISCO-2,country x sex; ISCO-08 2-digit employment weights
MEX,Mexico,Upper middle income,2024,0.5571191884523272,0.5157901918339559,0.2922867477918974,0.2525338904648101,0.24613090146738026,0.24302405488564052,0.018701539193049736,0.020232246483505335,0.9952271492107067,0.9715241530166344,41,42,4.132899661837131,3.975285732708728,0.3106846581739736,-0.15307072904555996,Occupation ISCO-2,country x sex; ISCO-08 2-digit employment weights
MLI,Mali,Low income,2022,0.11766789661038068,0.0993663911439325,0.06938721181452594,0.05472432633626442,0.04796438639522848,0.044044477459876726,3.1629840062629317e-4,5.975873477913641e-4,0.7570710211067886,0.6854951546994678,22,40,1.830150546644818,1.4662885478261514,0.3919908935351754,-0.02812889471650709,Occupation ISCO-2,country x sex; ISCO-08 2-digit employment weights
MMR,Myanmar,Lower middle income,2020,0.27079932668387563,0.2151697985819453,0.14838991500480006,0.10734261710056148,0.11866362489138545,0.10524380172095708,0.0037457867876900335,0.0025833797604267335,0.9643711518764428,0.9803796203491976,35,39,5.562952810193034,4.104729790423859,1.3419823170428362,0.11624070272633,Occupation ISCO-2,country x sex; ISCO-08 2-digit employment weights
MOZ,Mozambique,Low income,2022,0.20414146890127952,0.17263871760468436,0.12719456402024776,0.09688708207838262,0.07453035432948543,0.07289849750322316,0.002416550551546303,0.0028531380230786656,0.18522707920149206,0.4100398471110759,35,41,3.150275129659516,3.030748194186514,0.1631856826262268,-0.04365874715323626,Occupation ISCO-2,country x sex; ISCO-08 2-digit employment weights
MWI,Malawi,Low income,2024,0.15104992385850788,0.13629934552190553,0.06845110937974601,0.05731811015478685,0.07111621414093668,0.06760504549287245,0.01148260033782521,0.011376189874246203,0.7848523703894414,0.8206589013362228,36,39,1.4750578336602342,1.113299922495916,0.35111686480642224,0.010641046357900627,Occupation ISCO-2,country x sex; ISCO-08 2-digit employment weights
NGA,Nigeria,Lower middle income,2024,0.34362502690692687,0.2872087557579497,0.17080949612773422,0.12318215315099297,0.16512343423410963,0.15139530604541976,0.007692096545082947,0.012631296561536963,0.8712496586432752,0.8094920287738315,36,42,5.641627114897718,4.7627342976741245,1.3728128188689874,-0.49392000164540156,Occupation ISCO-2,country x sex; ISCO-08 2-digit employment weights
NLD,Netherlands,High income,2024,0.588775122491438,0.6331726636339909,0.247370575460527,0.24282956098364808,0.292863081573419,0.3337415765137732,0.048541465457492154,0.05660152613656966,1,1,39,41,-4.43975411425529,0.45410144768789074,-4.087849494035417,-0.8060060679077503,Occupation ISCO-2,country x sex; ISCO-08 2-digit employment weights
NOR,Norway,High income,2024,0.5393713373580545,0.5942694289816619,0.21840561969980649,0.23461257498883908,0.2715307157433713,0.3096338941684348,0.049435001914876577,0.050022959824388244,1.0000000000000007,0.9999999999999999,37,40,-5.4898091623607375,-1.6206955289032599,-3.81031784250635,-0.05879579095116674,Occupation ISCO-2,country x sex; ISCO-08 2-digit employment weights
PAK,Pakistan,Lower middle income,2021,0.3264633469975466,0.3652282851105186,0.11071599426764644,0.16207361050307445,0.19663992093097113,0.19013175711970892,0.01910743179892909,0.013022917487735335,0.967262018739211,0.9940015655001465,34,39,-3.876493811297199,-5.1357616235428,0.6508163811262208,0.6084514311193756,Occupation ISCO-2,country x sex; ISCO-08 2-digit employment weights
PER,Peru,Upper middle income,2024,0.44928843481830427,0.445287614142893,0.2132811899194993,0.1975434641246967,0.2181939129651491,0.22485316671403177,0.017813331933655877,0.022890983304164416,0.9999999999999998,0.9999999999999997,41,42,0.40008206754112985,1.5737725794802593,-0.6659253748882682,-0.5077651370508539,Occupation ISCO-2,country x sex; ISCO-08 2-digit employment weights
PHL,Philippines,Lower middle income,2023,0.4983659345939215,0.4343147563864448,0.2440179867336,0.20038701165728626,0.2368856349940408,0.21363347159981227,0.01746231286628057,0.0202942731293464,0.9994461185332252,0.9988661462167832,42,42,6.405117820747669,4.363097507631375,2.325216339422853,-0.2831960263065831,Occupation ISCO-2,country x sex; ISCO-08 2-digit employment weights
PNG,Papua New Guinea,Lower middle income,2022,0.14773348915433002,0.122803239980013,0.08838521222595415,0.06436741585842874,0.05274122508986299,0.05158497560906507,0.0066070518385128495,0.006850848512519182,0.8321923886643066,0.8562589273025516,31,35,2.4930249174317023,2.401779636752541,0.11562494807979204,-0.024379667400633263,Occupation ISCO-2,country x sex; ISCO-08 2-digit employment weights
POL,Poland,High income,2024,0.5912375817491762,0.5763258480836692,0.2570390937276236,0.2376330686326918,0.2935117458853109,0.29910953666880463,0.04068674213624169,0.03958324278217277,0.9929464985403832,0.9947228617270598,41,41,1.491173366550702,1.9406025094931834,-0.5597790783493706,0.11034993540689209,Occupation ISCO-2,country x sex; ISCO-08 2-digit employment weights
PRT,Portugal,High income,2024,0.5766728674645412,0.5718347559487839,0.2762690991783804,0.24224166693297944,0.26623686450491796,0.2914553855062064,0.03416690378124292,0.03813770350959795,0.9999999999999999,1,42,42,0.4838111515757304,3.4027432245400946,-2.5218521001288465,-0.3970799728355026,Occupation ISCO-2,country x sex; ISCO-08 2-digit employment weights
ROU,Romania,High income,2024,0.56010475107547,0.5155057672577674,0.2620757712169135,0.23966967873806927,0.2667514058728453,0.24678114952954364,0.03127757398571126,0.02905493899015452,1,0.9999999999999998,39,41,4.459898381770255,2.2406092478844233,1.9970256343301656,0.22226349955567387,Occupation ISCO-2,country x sex; ISCO-08 2-digit employment weights
RUS,Russian Federation,High income,2024,0.5561253198643339,0.5489175059745919,0.23539706628585758,0.23956752045445018,0.2875353251416948,0.2770044640640271,0.033192928436781684,0.03234552145611463,0.9925826615816965,0.994273371307618,39,39,0.720781388974201,-0.4170454168592602,1.0530861077667653,0.08474069806670564,Occupation ISCO-2,country x sex; ISCO-08 2-digit employment weights
RWA,Rwanda,Low income,2024,0.21974359641761182,0.21115293495901524,0.08287990227025974,0.0835282149987374,0.11862046284468103,0.10850609724395247,0.018243231302671015,0.01911862271632535,0.900840775768973,0.9447846384133942,36,37,0.8590661458596577,-0.06483127284776652,1.0114365600728563,-0.08753914136543361,Occupation ISCO-2,country x sex; ISCO-08 2-digit employment weights
SDN,Sudan,Low income,2022,0.14757066576741085,0.1597721782688602,0.07858032657303406,0.09303499269843725,0.06370325027362467,0.061836357195953644,0.005287088920752119,0.004900828374469397,0.6310400991152532,0.8196012605413084,24,37,-1.2201512501449352,-1.4454666125403193,0.18668930776710238,0.03862605462827225,Occupation ISCO-2,country x sex; ISCO-08 2-digit employment weights
SEN,Senegal,Lower middle income,2024,0.2579878823101648,0.2581551603910134,0.11067730975015157,0.09880889609618743,0.13050298517347228,0.1373872425161329,0.016807587386540892,0.021959021778693046,0.9626167773898248,0.9671085936934998,25,39,-0.016727808084859852,1.186841365396414,-0.6884257342660627,-0.5151434392152154,Occupation ISCO-2,country x sex; ISCO-08 2-digit employment weights
SGP,Singapore,High income,2024,0.6919027885859345,0.6612956300570949,0.2934511118126881,0.2363955787025128,0.3489858172501103,0.36779491438034345,0.04946585952313631,0.05710513697423878,1,0.9999999999999998,36,37,3.060715852883955,5.705553311017534,-1.8809097130233154,-0.7639277451102467,Occupation ISCO-2,country x sex; ISCO-08 2-digit employment weights
SLE,Sierra Leone,Low income,2018,0.12381681998834489,0.09030211297497488,0.0713934005304978,0.04502884591699202,0.047926964602439406,0.038982849781510495,0.004496454855407703,0.006290417276472388,0.6456848345940079,0.6626133892302781,25,39,3.3514707013370004,2.636455461350577,0.8944114820928911,-0.17939624210646846,Occupation ISCO-2,country x sex; ISCO-08 2-digit employment weights
SLV,El Salvador,Upper middle income,2024,0.4762988550290937,0.4153099601301892,0.23850467287383503,0.18907980430869362,0.20706382116695096,0.19159903994672112,0.030730360988307705,0.03463111587477438,1,0.9999999999999999,39,42,6.098889489890446,4.942486856514142,1.5464781220229846,-0.39007548864666775,Occupation ISCO-2,country x sex; ISCO-08 2-digit employment weights
SOM,"Somalia, Fed. Rep.",Low income,2019,0.1310234412407441,0.12702655644059158,0.06645714819984953,0.0630302371910228,0.05787807290830045,0.05681524756617931,0.006688220132594125,0.0071810716833894915,0.9762871707181211,0.9821057604840248,19,37,0.39968848001525337,0.34269110088267357,0.10628253421211403,-0.049285155079536666,Occupation ISCO-2,country x sex; ISCO-08 2-digit employment weights
SRB,Serbia,Upper middle income,2024,0.6142893018510647,0.5916614859910585,0.2585372741525432,0.23504168644869725,0.28176600742885943,0.28235322553846504,0.07398602026966196,0.0742665740038964,0.9229847426572416,0.943775966323515,39,42,2.2627815860006173,2.349558770384594,-0.05872181096056028,-0.028055373423443997,Occupation ISCO-2,country x sex; ISCO-08 2-digit employment weights
SVK,Slovak Republic,High income,2023,0.6597660905166469,0.6257151566625346,0.2976658351373784,0.25508485783709767,0.2839365299604667,0.2936193039798846,0.0781637254188018,0.07701099484555242,1.0000000000000002,0.9986172778699273,40,42,3.4050933854112286,4.258097730028071,-0.9682774019417917,0.11527305732493831,Occupation ISCO-2,country x sex; ISCO-08 2-digit employment weights
SWE,Sweden,High income,2024,0.5768354019909332,0.6189953076212458,0.21916211499721852,0.23750627330181887,0.30136263881472825,0.329887145900863,0.05631064817898645,0.05160188841856396,1,0.9999999999999998,40,40,-4.215990563031258,-1.8344158304600344,-2.8524507086134743,0.47087597604224884,Occupation ISCO-2,country x sex; ISCO-08 2-digit employment weights
TGO,Togo,Low income,2022,0.21813215336640118,0.17480247522373685,0.11121114441117623,0.07570425467712301,0.09455943358070656,0.08039632616987222,0.012361575374518402,0.018701894376741635,0.813987954716247,0.7739256044551136,19,36,4.332967814266434,3.550688973405322,1.4163107410834348,-0.6340319002223233,Occupation ISCO-2,country x sex; ISCO-08 2-digit employment weights
THA,Thailand,Upper middle income,2024,0.5443072940765719,0.5013243004890859,0.2593914984530176,0.22248753943926355,0.2636395124152087,0.2575585490242936,0.021276283208345504,0.02127821202552882,0.9921270522759417,0.9917037015146807,41,42,4.298299358748592,3.690395901375407,0.6080963390915128,-1.9288171833158063e-4,Occupation ISCO-2,country x sex; ISCO-08 2-digit employment weights
TUN,Tunisia,Lower middle income,2021,0.505819638754136,0.4447927128226424,0.2333494778579579,0.1876001490970364,0.2319882109918366,0.21967362550795438,0.04048194990434128,0.03751893821765154,0.9999999999999998,0.9999999999999999,39,39,6.102692593149367,4.5749328760921495,1.2314585483882228,0.29630116866897416,Occupation ISCO-2,country x sex; ISCO-08 2-digit employment weights
TUR,Turkiye,Upper middle income,2024,0.5301159805822383,0.5421463241381811,0.24970769956474442,0.2537729279059198,0.25060335442274073,0.26116772391280507,0.029804926594753183,0.027205672319456208,1.0000000000000002,0.9999999999999997,39,39,-1.203034355594279,-0.40652283411753976,-1.056436949006434,0.2599254275296975,Occupation ISCO-2,country x sex; ISCO-08 2-digit employment weights
TZA,Tanzania,Lower middle income,2024,0.1302360595453793,0.1363733571624731,0.043939599666213754,0.048295302981081575,0.08194740933475173,0.08389234475911538,0.004349050544413832,0.004185709422276181,0.9821175663949093,0.9909344489591496,28,29,-0.6137297617093779,-0.43557033148678215,-0.19449354243636502,0.01633411221376507,Occupation ISCO-2,country x sex; ISCO-08 2-digit employment weights
UGA,Uganda,Low income,2021,0.1818679676442734,0.15991241836574535,0.09002378657330139,0.07316760975398251,0.08432239330993557,0.07859245645067293,0.0075217877610363835,0.008152352161089886,0.45728973970474274,0.6275618056473707,31,40,2.1955549278528053,1.6856176819318878,0.5729936859262639,-0.06305644000535027,Occupation ISCO-2,country x sex; ISCO-08 2-digit employment weights
USA,United States,High income,2024,0.6134483431221641,0.6180511419396739,0.27365585660422737,0.2693275853435293,0.29413920040163283,0.30714752732370487,0.04565328611630397,0.041576029272439564,0.9992460743665837,0.9983473763171934,39,39,-0.4602798817509801,0.4328271260698069,-1.3008326922072044,0.4077256843864403,Occupation ISCO-2,country x sex; ISCO-08 2-digit employment weights
VNM,Viet Nam,Lower middle income,2024,0.5024067498358326,0.4550688664372042,0.24698239636245095,0.21280331542313274,0.2375840719402687,0.2241794586099923,0.017840281533113008,0.018086092404078956,0.942298162713535,0.9688141952684631,41,41,4.733788339862838,3.4179080939318207,1.34046133302764,-0.024581087096594775,Occupation ISCO-2,country x sex; ISCO-08 2-digit employment weights
ZMB,Zambia,Lower middle income,2024,0.26809935897572956,0.21968387702435488,0.1457191712996487,0.1057040010219563,0.11714529834951913,0.10752974084507116,0.005234889326561752,0.006450135157327309,0.4572006759499344,0.5808619135257069,28,36,4.841548195137468,4.00151702776924,0.9615557504447967,-0.12152458307655573,Occupation ISCO-2,country x sex; ISCO-08 2-digit employment weights
ZWE,Zimbabwe,Lower middle income,2024,0.29496571621088163,0.25410771697083023,0.1326711872152506,0.11260838648184028,0.1398429990798104,0.12280458245493062,0.02245152991582064,0.018694748034059294,0.5460683301962622,0.7176013269636355,33,38,4.085799924005141,2.006280073341031,1.7038416624879789,0.3756781881761345,Occupation ISCO-2,country x sex; ISCO-08 2-digit employment weights
