spec,outcome,variable,mean_abs_shap,mean_abs_shap_sd,mean_shap,median_shap,median_ale_delta,ale_delta_sd,positive_ale_share,negative_ale_share,mean_abs_shap_ci,direction_flag,mean_abs_shap_share
main68,share_exposed,barro_lee_years_schooling_15_64,0.012618911260561649,0.0013961945396046354,0.00014121666389000343,0.007537988146094248,0.035635456347828665,0.0032559867838502887,1.0,0.0,0.0027365412976250855,positive,0.12892876046042814
main68,share_exposed,goods_trade_openness,0.0010242026345054285,9.836681472220651e-05,0.00019200741968735424,0.000645387800083717,0.003826711492563627,0.0008933019434832797,1.0,0.0,0.00019279895685552477,positive,0.010464387410329765
main68,share_exposed,gross_fixed_capital_formation_pct_gdp,0.0004199742939209997,6.989039155818895e-05,-0.00010971038823067492,-0.00021494332787839825,0.00022152034195899867,0.0004445757759422317,0.8,0.2,0.00013698516745405033,positive,0.004290922094816921
main68,share_exposed,internet_users_pct,0.021146669162319078,0.0010852116743522784,0.0004960850540054911,0.016188370298915587,0.06951218663873913,0.0028748000518555444,1.0,0.0,0.0021270148817304655,positive,0.21605777128218037
main68,share_exposed,log_gdp_per_capita,0.030112956085299014,0.0009226048153974304,0.00024503863623737235,0.019494325852319517,0.11669089830437873,0.003078750142095181,1.0,0.0,0.0018083054381789635,positive,0.3076672798239575
main68,share_exposed,pwt_human_capital_index,0.008750662102059348,0.0006971025114002225,0.0006934751523021854,0.00454767620148124,0.04985074978021216,0.0023432999497419783,1.0,0.0,0.0013663209223444361,positive,0.08940644677901803
main68,share_exposed,pwt_log_real_capital_stock_per_worker,0.0009736297706475517,7.206626282899903e-05,-0.0003238075246544107,-0.000542446152818798,-0.0013207156089524265,0.0005099746284611118,0.0,1.0,0.00014124987514483808,negative,0.009947679073493436
main68,share_exposed,wgi_government_effectiveness_score,0.012184852307904087,0.0011513281870817174,-0.0006951176888261216,0.0010813604955798302,0.04675038046449469,0.0029690354518722806,1.0,0.0,0.002256603246680166,positive,0.12449393390706348
main68,share_exposed,wgi_regulatory_quality_score,0.010643210874073798,0.0006023484531022002,-0.0009235007802442533,0.001348121173551749,0.03396499211267512,0.0017023947521150266,1.0,0.0,0.0011806029680803125,positive,0.10874281916871245
main68,substitution_share,barro_lee_years_schooling_15_64,0.005619142751036158,0.0004531540010350237,0.00038515217568223773,0.003644807054194698,0.015835914317998568,0.0010411792497839933,1.0,0.0,0.0008881818420286464,positive,0.13795057778057693
main68,substitution_share,goods_trade_openness,0.00027884312087758195,2.5132077119301768e-05,0.00011887703538569145,0.0001423392293833248,0.0004861651001811518,0.0003958389041690802,0.8,0.2,4.925887115383147e-05,positive,0.006845629545202162
main68,substitution_share,gross_fixed_capital_formation_pct_gdp,0.00033145675639130006,3.3373713612990653e-05,-1.6842009727883184e-05,-0.00016056510838610423,0.0014289560649081755,0.00015232873723749574,1.0,0.0,6.541247868146167e-05,positive,0.00813730013266245
main68,substitution_share,internet_users_pct,0.009474214755107185,0.0002245093579449021,0.0003238356790706282,0.006797359439847672,0.028445542323818088,0.0003896474253490166,1.0,0.0,0.0004400383415720081,positive,0.23259302306269047
main68,substitution_share,log_gdp_per_capita,0.012328966160495818,0.0005379543584794649,-3.478058700420984e-05,0.009205215535668174,0.04189191238029374,0.0007524227803486168,1.0,0.0,0.001054390542619751,positive,0.30267748669740724
main68,substitution_share,pwt_human_capital_index,0.0033699501587614727,0.00018655368870422196,0.0003240516087896259,0.0017549465451286873,0.01846520517222297,0.0006409743293027292,1.0,0.0,0.000365645229860275,positive,0.08273265017286986
main68,substitution_share,pwt_log_real_capital_stock_per_worker,0.0008323971979374122,6.218301424059243e-05,-0.000153114439596374,-0.0005198522239998945,-0.0031581474011580586,0.00024015026883524281,0.0,1.0,0.00012187870791156116,negative,0.020435443534020364
main68,substitution_share,wgi_government_effectiveness_score,0.004714766835419206,0.000358161848809553,-0.0006152161676139184,-0.0022021987291981093,0.016535936756934565,0.0009230973148289527,1.0,0.0,0.0007019972236667238,positive,0.11574804874406301
main68,substitution_share,wgi_regulatory_quality_score,0.0037832757927314027,0.00026206732612106374,-0.00027165999930603565,0.0008144537834188163,0.012459512154604483,0.0005314623195994461,1.0,0.0,0.0005136519591972849,positive,0.09287984033050752
main68,both_share,barro_lee_years_schooling_15_64,0.005280601470312016,0.000650890076879466,-0.0001099126175764538,0.003051166193120811,0.015583209061680306,0.001755017079961121,1.0,0.0,0.0012757445506837533,positive,0.10780648023368346
main68,both_share,goods_trade_openness,0.0005409386764222825,8.867704657546362e-05,0.00010920411827202124,0.00036422501289404887,0.002132614594172534,0.0005692029443244469,1.0,0.0,0.0001738070112879087,positive,0.011043570520368756
main68,both_share,gross_fixed_capital_formation_pct_gdp,0.00014186440475388314,3.149180757225686e-05,-4.4788262297251836e-05,-5.77026294032799e-05,-0.0003295218249780331,0.00018692010324371897,0.2,0.8,6.172394284162345e-05,negative,0.0028962424513469484
main68,both_share,internet_users_pct,0.010436149506103765,0.0005062907880613999,0.0001325849355481513,0.007617410742503853,0.0340672144732602,0.0020356489363255164,1.0,0.0,0.0009923299446003438,positive,0.21305992352781414
main68,both_share,log_gdp_per_capita,0.015077162402197225,0.0006111381412140373,0.0002036325216631352,0.010407876175234712,0.06033567802576404,0.0019948507877986443,1.0,0.0,0.0011978307567795132,positive,0.30780883951018356
main68,both_share,pwt_human_capital_index,0.004663900631878119,0.0002187323948431892,0.00039748434609670065,0.0026487748192510012,0.023875962567417044,0.0008369255038227673,1.0,0.0,0.0004287154938926508,positive,0.09521618211660332
main68,both_share,pwt_log_real_capital_stock_per_worker,0.0004306614735999287,5.976147385985704e-05,-0.00010427887562570718,-0.0002359459516124776,-0.0017137705928131223,0.0002177192916318364,0.0,1.0,0.00011713248876531979,negative,0.008792198748964935
main68,both_share,wgi_government_effectiveness_score,0.006909739271393487,0.0006433085426330017,-0.000264277747767283,0.002125336237281806,0.027844724127259357,0.001988647668500889,1.0,0.0,0.0012608847435606832,positive,0.14106625435934922
main68,both_share,wgi_regulatory_quality_score,0.005501209009681739,0.0002725587105122895,-0.0004147989294639847,0.0016835579165580185,0.019565012275664352,0.0008393064075597669,1.0,0.0,0.0005342150726040874,positive,0.11231030853168572
main68,augmentation_share,barro_lee_years_schooling_15_64,0.0010970055915422287,6.157929084305033e-05,4.8792579257905915e-06,0.0006923200786539358,0.0026380041313837895,0.0002132480474574508,1.0,0.0,0.00012069541005237864,positive,0.07876987196747474
main68,augmentation_share,goods_trade_openness,0.00038927607148036083,5.3571186176889524e-05,-1.4006939018398332e-06,9.88035757661845e-05,0.0013571395824977389,0.00014913200884637725,1.0,0.0,0.00010499952490670346,positive,0.027951750243498375
main68,augmentation_share,gross_fixed_capital_formation_pct_gdp,0.0005602995215463426,7.072625005127107e-05,8.603525864556675e-06,-0.00027503589725243335,-0.001795704251982953,0.00020269808984436628,0.0,1.0,0.0001386234501004913,negative,0.04023199326960205
main68,augmentation_share,internet_users_pct,0.0017894841836052506,8.811690292346399e-05,0.00029534349622202256,0.001077922124336312,0.005632872775897526,0.000588859229458618,1.0,0.0,0.00017270912972998942,positive,0.12849290934993432
main68,augmentation_share,log_gdp_per_capita,0.003012458084821548,9.388412728557115e-05,-0.00021207779583381556,0.0005752491153898986,0.012605260889500942,0.0004074160132258365,1.0,0.0,0.00018401288947971945,positive,0.2163078652271784
main68,augmentation_share,pwt_human_capital_index,0.0011554876792798136,6.618921726858684e-05,0.00010885177522240921,0.0007095063469710202,0.004938222625053667,0.0003249771111512957,1.0,0.0,0.00012973086584643022,positive,0.08296914551630319
main68,augmentation_share,pwt_log_real_capital_stock_per_worker,0.002460036836181151,6.0147400014328477e-05,-0.00010259709527653871,-0.0009164748306602583,0.005751275823710552,0.00030718125045909385,1.0,0.0,0.00011788890402808382,positive,0.17664156693024619
main68,augmentation_share,wgi_government_effectiveness_score,0.0012179487180255441,0.00011216795420322381,6.703229931050394e-05,0.00047952041690868557,0.004458583967723117,0.00047158731310878514,1.0,0.0,0.00021984919023831866,positive,0.08745412541329699
main68,augmentation_share,wgi_regulatory_quality_score,0.0022447187459764878,0.0001030471038454574,-0.000122311613108106,0.00017806487553796358,0.006625836867162413,0.0003236832515581821,1.0,0.0,0.0002019723235370965,positive,0.1611807720824657
main68,substitution_within_exposed,barro_lee_years_schooling_15_64,0.001303242872733317,0.00012402556490712403,-4.805873769419983e-06,0.0004695504985810238,0.004286988107532206,0.0008401101497511045,1.0,0.0,0.00024309010721796308,positive,0.07274090799541144
main68,substitution_within_exposed,goods_trade_openness,0.0006134896790269952,5.6847942812732466e-05,3.755927761623752e-05,-5.781487053968647e-05,-0.0028218280694754586,0.0006875217743257791,0.0,1.0,0.00011142196791295564,negative,0.03424211805175085
main68,substitution_within_exposed,gross_fixed_capital_formation_pct_gdp,0.0011219954137772167,0.0001051297051102828,3.1359874473993844e-05,0.00041601223866442264,0.0041913500134693185,0.00016093379412547397,1.0,0.0,0.0002060542220161543,positive,0.06262452446309523
main68,substitution_within_exposed,internet_users_pct,0.0026740978866013503,3.83070381582695e-05,-0.00016980826652601173,0.0006061034395952839,-0.002099269941415585,0.0012204091580112792,0.0,1.0,7.508179479020821e-05,negative,0.14925560876617733
main68,substitution_within_exposed,log_gdp_per_capita,0.002752228159302562,0.00019541134609061522,0.0003098660876798441,0.0010702673585362775,-0.00921432775516037,0.0009714945355944686,0.0,1.0,0.0003830062383376058,negative,0.15361647434014022
main68,substitution_within_exposed,pwt_human_capital_index,0.002228071642747933,0.00014997821439657096,-0.00014735650387921701,0.0008579640701935106,-0.004506719348032298,0.0014534239012710364,0.0,1.0,0.00029395730021727906,negative,0.1243605146540306
main68,substitution_within_exposed,pwt_log_real_capital_stock_per_worker,0.002257578121523612,9.514027555721404e-05,3.134874565340113e-05,-0.0006666038320578297,-0.006451791643219233,0.0003616205415475377,0.0,1.0,0.0001864749400921395,negative,0.12600742798292433
main68,substitution_within_exposed,wgi_government_effectiveness_score,0.0023161230443719395,0.00016945842475206944,-0.00014134527735185136,0.000692345414616,-0.001987627131310708,0.0012761322244807846,0.2,0.8,0.0003321385125140561,negative,0.12927513113757652
main68,substitution_within_exposed,wgi_regulatory_quality_score,0.0026494036566576356,0.00013277058375282791,0.00022219268087867423,-0.0010174150427236569,-0.013553708498433454,0.0011137239146631164,0.0,1.0,0.0002602303441555427,negative,0.14787729260889354
main68,both_within_exposed,barro_lee_years_schooling_15_64,0.0011280006330824529,6.813055174859737e-05,-0.00017130024486582422,-0.0007233059137045549,-0.0018097604478416076,0.00030958208113464537,0.0,1.0,0.00013353588142725085,negative,0.07581376517024799
main68,both_within_exposed,goods_trade_openness,0.00039514096671324823,3.0022995699296737e-05,-3.67449271189453e-05,-9.045113417617322e-05,0.001384503441360098,0.0005111003049775082,1.0,0.0,5.8845071570621605e-05,positive,0.026557719544607044
main68,both_within_exposed,gross_fixed_capital_formation_pct_gdp,0.00028033465305478297,3.607560506211653e-05,4.463298550597631e-06,1.1085805892862022e-05,-0.000676455351830693,0.00014003093597579036,0.0,1.0,7.070818592174839e-05,negative,0.018841501442867295
main68,both_within_exposed,internet_users_pct,0.0011888587529648082,0.00011383623416969625,3.137306071594768e-05,-0.00026745497445362736,-0.0002824314982012531,0.00015867141050708564,0.0,1.0,0.00022311901897260463,negative,0.07990408486878882
main68,both_within_exposed,log_gdp_per_capita,0.00357417005774525,0.00013146679640870646,0.00010611634828221021,-0.0021465640675865085,-0.0013353428776379716,0.001236471808722701,0.2,0.8,0.0002576749209610646,negative,0.24022263949972716
main68,both_within_exposed,pwt_human_capital_index,0.001241206612697046,8.842161151369989e-05,-0.00010282290700112004,-0.0005887409586451883,-0.0012820537307245369,0.0004221233801795943,0.0,1.0,0.0001733063585668518,negative,0.08342242362544346
main68,both_within_exposed,pwt_log_real_capital_stock_per_worker,0.003954564383632309,9.756333973902467e-05,0.00012975406996238971,0.002330842226490053,-0.012405054850666824,0.0003500281094236582,0.0,1.0,0.00019122414588848837,negative,0.265789226298609
main68,both_within_exposed,wgi_government_effectiveness_score,0.0014543217063490148,0.00015737916657222338,0.00013724988279660582,-0.0006401001830216638,-0.0004831740617767266,0.0003398108214014536,0.0,1.0,0.0003084631664815578,negative,0.09774604826758028
main68,both_within_exposed,wgi_regulatory_quality_score,0.0016619751492389805,0.00011602498474063753,3.52263853437906e-05,-0.00013674347685550003,0.0051139462269072355,0.0006627088945360761,1.0,0.0,0.00022740897009164955,positive,0.11170259128212894
main68,augmentation_within_exposed,barro_lee_years_schooling_15_64,0.00044147601118761214,5.1650132105817186e-05,3.8431586875811774e-05,0.0001258870859645387,0.0008332536273993813,0.00042977687866952417,1.0,0.0,0.00010123425892740168,positive,0.026162816899081537
main68,augmentation_within_exposed,goods_trade_openness,0.0007181916139180864,2.3913619223531608e-05,1.7896475214161888e-05,0.0002535435968208887,0.0027048459988754186,0.000335504207457871,1.0,0.0,4.687069367812195e-05,positive,0.04256157801835734
main68,augmentation_within_exposed,gross_fixed_capital_formation_pct_gdp,0.0013792507377587996,0.00011780794719558514,2.972395759644489e-05,-0.000779434850196448,-0.003984521920965015,0.0003634410015880871,0.0,1.0,0.00023090357650334687,negative,0.08173736193011782
main68,augmentation_within_exposed,internet_users_pct,0.0012101910118737513,5.846377016933942e-05,0.00020528216744236763,0.00010069283725784926,0.0036133114588557695,0.0004856540911888785,1.0,0.0,0.00011458898953190526,positive,0.07171851936279251
main68,augmentation_within_exposed,log_gdp_per_capita,0.0012743901489323975,3.2862671712667535e-05,-4.3550200732877174e-05,0.00024476869437242585,0.006419049253012142,0.0004305615442906826,1.0,0.0,6.441083655682837e-05,positive,0.0755230981516287
main68,augmentation_within_exposed,pwt_human_capital_index,0.0006647698296862682,6.262571636788473e-05,3.718287650531713e-05,0.00020861835780666016,0.003509660198167963,0.0004046680714073145,1.0,0.0,0.00012274640408105407,positive,0.039395688312324505
main68,augmentation_within_exposed,pwt_log_real_capital_stock_per_worker,0.008322936431519325,0.0001344837458448503,-0.0003221585265918162,0.0010541840391169448,0.02134926479547192,0.00034188661328236387,1.0,0.0,0.0002635881418559066,positive,0.4932350940989142
main68,augmentation_within_exposed,wgi_government_effectiveness_score,0.0011864552562824786,5.34764076904873e-05,-3.165827084219951e-05,-3.140107450008707e-05,0.0038461489708862422,0.0004577930959627366,1.0,0.0,0.0001048137590733551,positive,0.07031188749207029
main68,augmentation_within_exposed,wgi_regulatory_quality_score,0.0016765162651507734,0.0001511678969553569,-9.265433448873917e-05,6.920641179728529e-05,0.00611011675258872,0.0009288711335056931,1.0,0.0,0.0002962890780324995,positive,0.09935395573471309
lean90,share_exposed,barro_lee_years_schooling_15_64,0.01633785277965013,0.0011318334785476224,0.001112433432490141,0.011834851489217672,0.0665244644667053,0.0028759594419431995,1.0,0.0,0.00221839361795334,positive,0.1236903983011
lean90,share_exposed,goods_trade_openness,0.0009362813872923703,0.00017403974773344433,0.00019470047839336628,0.0005366464794033472,0.0024282257216035183,0.0012417248104996841,1.0,0.0,0.00034111790555755087,positive,0.007088386661210921
lean90,share_exposed,internet_users_pct,0.0370189272654982,0.002012765914555048,0.00018895838385863442,0.026347340051924618,0.10415108424722708,0.0029513955457006725,1.0,0.0,0.003945021192527895,positive,0.28026240166958943
lean90,share_exposed,log_gdp_per_capita,0.04132324435369931,0.0023753106036269547,-2.535100816673014e-05,0.013559854638604794,0.13720904320639343,0.0026504560954665334,1.0,0.0,0.004655608783108831,positive,0.3128494681730267
lean90,share_exposed,wgi_government_effectiveness_score,0.020203630740465363,0.00019709996169088942,0.00016089814543646311,0.006803508785217191,0.0762616180675421,0.0017503417840896303,1.0,0.0,0.00038631592491414324,positive,0.15295737861765846
lean90,share_exposed,wgi_regulatory_quality_score,0.01626673312643297,0.001083133311899242,-0.0013722308439326459,0.003225481176990603,0.046706219848591767,0.003204669287743704,1.0,0.0,0.002122941291322514,positive,0.12315196657741452
lean90,substitution_share,barro_lee_years_schooling_15_64,0.007016741515271334,0.0003583094572643213,0.0006454778901329915,0.0048785968852136695,0.026202807896694647,0.0007651987945033917,1.0,0.0,0.0007022865362380698,positive,0.14273843608772321
lean90,substitution_share,goods_trade_openness,0.00036457925254445407,5.0918885389610494e-05,0.00014404867901145064,0.00011447282541016221,-0.00038370450080128034,0.000194167989900816,0.0,1.0,9.980101536363657e-05,negative,0.007416472763741834
lean90,substitution_share,internet_users_pct,0.015873730141502992,0.0007608673594881333,0.00033901032535909583,0.010570785265333397,0.040711406634821694,0.0014273195207566381,1.0,0.0,0.0014913000245967412,positive,0.3229121965438502
lean90,substitution_share,log_gdp_per_capita,0.013720741506000283,0.0008017774909649153,-6.943038414866082e-05,0.0013402380327801583,0.04526107215843159,0.000944141707485004,1.0,0.0,0.0015714838822912338,positive,0.2791149111404397
lean90,substitution_share,wgi_government_effectiveness_score,0.0060194086275578585,0.0001536810435738698,-0.0004120551139831149,-0.0009641488278981954,0.02351286429648032,0.00052249918224402,1.0,0.0,0.0003012148454047848,positive,0.12245013897128462
lean90,substitution_share,wgi_regulatory_quality_score,0.006162837307487467,0.00023728191543222513,-0.0005244581665636128,0.0016404007158610282,0.014794399848873915,0.0009572027001814922,1.0,0.0,0.00046507255424716126,positive,0.1253678444929604
lean90,both_share,barro_lee_years_schooling_15_64,0.008009427620365234,0.0004927172136675888,0.0006018796705230614,0.005805411677415842,0.03367437701098695,0.0015796840661301051,1.0,0.0,0.0009657257387884739,positive,0.11469581988760429
lean90,both_share,goods_trade_openness,0.000527324684740992,9.010659176804339e-05,0.00011794179280101669,0.0003030359427836339,0.002063515484536534,0.00038358636498951186,1.0,0.0,0.00017660891986536503,positive,0.0075513432332612205
lean90,both_share,internet_users_pct,0.01890157952584507,0.001066316460847312,-0.00015006329506454436,0.014290006696629493,0.056515021461458,0.0022882002589410208,1.0,0.0,0.0020899802632607313,positive,0.2706725453608252
lean90,both_share,log_gdp_per_capita,0.02112380508905204,0.0012171097080295199,-1.9728306886352893e-05,0.00968646862049205,0.07061748163919275,0.0011267723977164267,1.0,0.0,0.0023855350277378587,positive,0.3024950419271396
lean90,both_share,wgi_government_effectiveness_score,0.012474792310915278,0.0003362287600543686,0.0003318710967234454,0.006412944811285732,0.04564809259900835,0.0014708814278585473,1.0,0.0,0.0006590083697065624,positive,0.17864029739028517
lean90,both_share,wgi_regulatory_quality_score,0.008794975961563917,0.00047189251202637905,-0.0006805381684352792,0.0034130703593927446,0.026628462475059247,0.001532983558590085,1.0,0.0,0.0009249093235717029,positive,0.12594495220088459
lean90,augmentation_share,barro_lee_years_schooling_15_64,0.002172955655541201,0.0002182587280337401,3.899384561973372e-05,0.0015008565208792467,0.0067776476181070746,0.00035665373342157707,1.0,0.0,0.0004277871069461306,positive,0.1356349674584104
lean90,augmentation_share,goods_trade_openness,0.00046538055747872545,4.5133768176201864e-05,-3.2886755778298604e-05,8.833876689856002e-05,0.001335274419149997,0.00017713857237500695,1.0,0.0,8.846218562535566e-05,positive,0.02904885638528253
lean90,augmentation_share,internet_users_pct,0.003022538437736773,9.87931593521976e-05,0.00045530793178882536,0.0020850113431805867,0.005420021830880906,0.00021808425141331633,1.0,0.0,0.0001936345923303073,positive,0.18866556323815808
lean90,augmentation_share,log_gdp_per_capita,0.005229803559967151,0.00025633217709763735,-0.00032770155299592966,0.002018257054299557,0.01792176828461985,0.0003054299201229677,1.0,0.0,0.0005024110671113692,positive,0.32644211300913656
lean90,augmentation_share,wgi_government_effectiveness_score,0.0022337644165197025,6.806677534841372e-05,0.00024937760258683493,0.0011137451990541264,0.005910668528654519,0.0004743464339767367,1.0,0.0,0.0001334108796828909,positive,0.13943062444546062
lean90,augmentation_share,wgi_regulatory_quality_score,0.0028961728250917187,0.00015323719615943846,-0.0003065650102234255,-0.0005044137123975547,0.008891825004360471,0.0005192521476070428,1.0,0.0,0.00030034490447249936,positive,0.18077787546355176
lean90,substitution_within_exposed,barro_lee_years_schooling_15_64,0.0032695718622483224,0.00015869399348204143,-0.00027437792278609127,-0.0016109861239287909,-0.014644472397427288,0.0010748212151799877,0.0,1.0,0.0003110402272248012,negative,0.14502614972393138
lean90,substitution_within_exposed,goods_trade_openness,0.0009502366054763886,7.965117910997272e-05,-4.274713036063642e-05,0.00021816238107277673,-0.002094009000134615,0.0004639145065153257,0.0,1.0,0.00015611631105554654,negative,0.042148991374122764
lean90,substitution_within_exposed,internet_users_pct,0.004537051112792748,0.00013198568216231358,6.315957033873362e-05,0.0005070265056650324,-0.006345704682484184,0.001156849489385228,0.0,1.0,0.0002586919370381346,negative,0.20124685485167548
lean90,substitution_within_exposed,log_gdp_per_capita,0.006262506970802091,0.00024283285503533383,0.00021747107489476593,-0.0008477279401050133,-0.03094022706490778,0.0012888121788734528,0.0,1.0,0.0004759523958692543,negative,0.2777817132822293
lean90,substitution_within_exposed,wgi_government_effectiveness_score,0.005162119045517145,0.00028464282561461844,-0.0001557698209638165,-0.00021168177611624047,-0.021752909596042338,0.0012349664342953663,0.0,1.0,0.0005578999382046521,negative,0.228972563115075
lean90,substitution_within_exposed,wgi_regulatory_quality_score,0.0023632200888083293,0.00011428097787597014,0.00030278448157096394,-0.0002168827507341238,-0.009690589479529901,0.00043784039590048475,0.0,1.0,0.00022399071663690146,negative,0.10482372765296605
lean90,both_within_exposed,barro_lee_years_schooling_15_64,0.0029780815278858683,9.532175190521315e-05,-0.00019753526552137825,-0.0006705857003173005,0.006464529157335425,0.0003270752512851181,1.0,0.0,0.00018683063373421777,positive,0.17696771075684523
lean90,both_within_exposed,goods_trade_openness,0.001360854919719333,4.9464334996597885e-05,-9.88312047403596e-07,-0.0002899411320990473,-0.0022702478296235695,0.0003125656291301938,0.0,1.0,9.695009659333186e-05,negative,0.08086661750522439
lean90,both_within_exposed,internet_users_pct,0.002105707197589702,0.00014075306459879265,-0.00013886313453816325,-0.00023066610798737615,0.007842170016218883,0.0006588917234401092,1.0,0.0,0.00027587600661363356,positive,0.12512826757506507
lean90,both_within_exposed,log_gdp_per_capita,0.005480768455022307,9.167121828812065e-05,7.052248387659306e-05,-0.0012744507443607036,0.014415678488859949,0.0011825105967248058,1.0,0.0,0.00017967558784471647,positive,0.3256858610456417
lean90,both_within_exposed,wgi_government_effectiveness_score,0.00279616202915513,0.00016144019948782502,0.00012345137104451215,-0.00020034737679736823,0.010658540087213907,0.0004155097377427669,1.0,0.0,0.00031642279099613704,positive,0.16615743678316194
lean90,both_within_exposed,wgi_regulatory_quality_score,0.002106815157856286,0.00013177315587297033,5.603447092012438e-05,-0.0006617999566463147,0.0033307654530435843,0.0006760412590798646,1.0,0.0,0.00025827538551102184,positive,0.12519410633406175
lean90,augmentation_within_exposed,barro_lee_years_schooling_15_64,0.0015591769326257783,0.00015803551866853314,4.880952167095447e-05,0.0007091517085583189,0.005522880200655293,0.0009444351746648815,1.0,0.0,0.00030974961659032497,positive,0.10420339292676797
lean90,augmentation_within_exposed,goods_trade_openness,0.0009555002805112496,0.00015083872261165428,-5.249129332618686e-07,0.00011550959094438263,0.003860011772611871,0.0006922423523997551,1.0,0.0,0.0002956438963188424,positive,0.06385828900384836
lean90,augmentation_within_exposed,internet_users_pct,0.0026426595228351045,7.728639235591527e-05,0.0002966162767239988,-0.00010567759271431555,-0.0015966435420023796,0.000804825320910403,0.0,1.0,0.00015148132901759393,negative,0.1766150350659047
lean90,augmentation_within_exposed,log_gdp_per_capita,0.004437525134706348,0.00018370940910953512,-0.0003880309732925913,0.0023545997297645563,0.01910689292690588,0.00039603807009503316,1.0,0.0,0.00036007044185468884,positive,0.296570046386902
lean90,augmentation_within_exposed,wgi_government_effectiveness_score,0.0024905390793167393,0.00010421783345398836,0.00032062020877817945,0.0010664724583079625,0.01037136471372793,0.000723649919169879,1.0,0.0,0.00020426695356981717,positive,0.16644847473753754
lean90,augmentation_within_exposed,wgi_regulatory_quality_score,0.002877422129302554,0.00015724294488695404,-0.00022745815697784678,0.0006347322934052213,0.011920330848837164,0.0009251523170103822,1.0,0.0,0.0003081961719784299,positive,0.19230476187903944
minimal118,share_exposed,goods_trade_openness,0.0009394146185837494,5.403413196105186e-05,5.7430918367382525e-05,0.00010457566116490186,0.0003299072327083506,0.0002524737282797565,0.8,0.2,0.00010590689864366164,positive,0.006339094234794881
minimal118,share_exposed,internet_users_pct,0.04496365012875483,0.0012254488377022256,0.002254549550599323,0.03477775375471846,0.1297742904057979,0.002362796597364607,1.0,0.0,0.002401879721896362,positive,0.30341109204392624
minimal118,share_exposed,log_gdp_per_capita,0.05775060072116354,0.002231566679326387,-4.431925410161535e-05,0.026132505974437937,0.17816647760897567,0.004482221722978009,1.0,0.0,0.004373870691479719,positive,0.3896964054480828
minimal118,share_exposed,wgi_government_effectiveness_score,0.023645676744750613,0.0020801190967398822,-9.939207124356979e-05,0.008711228310711406,0.08374253364677843,0.0031727263686826108,1.0,0.0,0.004077033429610169,positive,0.1595591234852697
minimal118,share_exposed,wgi_regulatory_quality_score,0.02089448229677946,0.0011959479234063188,-0.001947274411779049,0.006472913984050635,0.05674600117110795,0.0024534810479860734,1.0,0.0,0.0023440579298763847,positive,0.14099428478792636
minimal118,substitution_share,goods_trade_openness,0.0005970688687610291,3.216511217819105e-05,8.833657566244727e-05,7.119054227872823e-06,-0.0014524433258109113,0.00031885637027339995,0.0,1.0,6.304361986925445e-05,negative,0.011319972871348536
minimal118,substitution_share,internet_users_pct,0.01920332063452029,0.0004959017313407204,0.0010650134623336768,0.014108451915586781,0.05058000469767676,0.0008589588142159692,1.0,0.0,0.0009719673934278119,positive,0.36408039339525816
minimal118,substitution_share,log_gdp_per_capita,0.018029136816911217,0.0007428640880525183,0.0003656294181800587,0.004803990022861793,0.058155802289586424,0.0007578830056228661,1.0,0.0,0.0014560136125829357,positive,0.3418187588389419
minimal118,substitution_share,wgi_government_effectiveness_score,0.007341849217686447,0.0005168348752396278,-0.0005901659016285456,-0.00023080321173605568,0.028144620050613193,0.0007773775557226553,1.0,0.0,0.0010129963554696706,positive,0.13919589233014562
minimal118,substitution_share,wgi_regulatory_quality_score,0.007573350579993855,0.0005096868463524592,-0.0008290100221057808,0.0014719609729141798,0.0173216882270965,0.001016737821968042,1.0,0.0,0.0009989862188508202,positive,0.1435849825643058
minimal118,both_share,goods_trade_openness,0.0007086008144608935,7.108678123951234e-05,5.754731657757633e-05,0.00012181271235896742,-5.111788869899736e-05,0.00040051713103409284,0.4,0.6,0.00013933009122944417,mixed,0.008971918593423223
minimal118,both_share,internet_users_pct,0.022882681803164318,0.0005847880837182148,0.0010975059032724587,0.018547106813234272,0.06928651391674583,0.0013376477643078446,1.0,0.0,0.0011461846440877009,positive,0.28972808688258633
minimal118,both_share,log_gdp_per_capita,0.030073711329741393,0.001121864239545194,-0.00010302287974467659,0.01637954741199158,0.09312278139774616,0.002481473308288243,1.0,0.0,0.00219885390950858,positive,0.38077699650659985
minimal118,both_share,wgi_government_effectiveness_score,0.014488206757082034,0.0009672071526337164,0.00012165468315671517,0.007925043694286687,0.05006156606882868,0.0014000659358958524,1.0,0.0,0.0018957260191620842,positive,0.18344180381463288
minimal118,both_share,wgi_regulatory_quality_score,0.010826652610351425,0.00048701737034573966,-0.0010103768502639522,0.004512027812011682,0.03221148454037187,0.0010304043793556677,1.0,0.0,0.0009545540458776497,positive,0.13708119420275772
minimal118,augmentation_share,goods_trade_openness,0.0005544983492614855,2.3848427903843383e-05,-9.145427206340651e-05,-0.00017393377560410015,0.0018296481027495347,6.771147796531114e-05,1.0,0.0,4.674291869153303e-05,positive,0.029020525400167904
minimal118,augmentation_share,internet_users_pct,0.004646642237556427,0.0001583028602775349,0.000627578907273345,0.00359665708036074,0.010268618688502896,0.0003613409304863479,1.0,0.0,0.00031027360614396837,positive,0.2431891803827695
minimal118,augmentation_share,log_gdp_per_capita,0.0075105360703436345,0.00031444630696573524,-0.00027247688797184835,0.0043751370116042795,0.022941816097571566,0.000700083745343485,1.0,0.0,0.000616314761652841,positive,0.3930754763987605
minimal118,augmentation_share,wgi_government_effectiveness_score,0.002390029961116548,0.00027656060582639103,0.0003439719929580509,0.0010231319427101934,0.0025270228750854332,0.0004515229226024383,1.0,0.0,0.0005420587874197264,positive,0.1250859002305829
minimal118,augmentation_share,wgi_regulatory_quality_score,0.004005402629932737,0.00014405255853449414,-0.0005267177702117974,-0.0004990736326826338,0.011621233553024177,0.0006166134578409168,1.0,0.0,0.0002823430147276085,positive,0.20962891758771926
minimal118,substitution_within_exposed,goods_trade_openness,0.0015429839244074193,9.414432995633963e-05,-0.00022130421279063333,-0.000338784467794297,-0.00256252214712093,0.000635761323998628,0.0,1.0,0.0001845228867144257,negative,0.050507583949880114
minimal118,substitution_within_exposed,internet_users_pct,0.0067587182232183894,0.00011166108056751627,7.546401634018926e-05,-0.0023542540454103414,-0.018624498649253217,0.0008028674925630568,0.0,1.0,0.00021885571791233188,negative,0.22123790316473238
minimal118,substitution_within_exposed,log_gdp_per_capita,0.009422960390977522,0.00034013047129393314,0.00017461653176050994,-0.0038024951444373166,-0.043758117091332836,0.001546504182914154,0.0,1.0,0.000666655723736109,negative,0.30844842611466156
minimal118,substitution_within_exposed,wgi_government_effectiveness_score,0.00780602618225702,0.0003616032889861801,-0.00016807823961495033,8.354933924797152e-06,-0.029554425867558288,0.001034464008465483,0.0,1.0,0.000708742446412913,negative,0.25552017521292386
minimal118,substitution_within_exposed,wgi_regulatory_quality_score,0.005018860549573156,0.0002670047448563449,0.0001260571999467924,-0.0014196636965809494,-0.024311091117725756,0.0009032672503660337,0.0,1.0,0.000523329299918436,negative,0.16428591155780206
minimal118,both_within_exposed,goods_trade_openness,0.0030995848427112374,0.00010038259382445025,0.00018096876523817656,3.994735592980377e-05,-0.0045913118919389375,0.000644664706849477,0.0,1.0,0.0001967498838959225,negative,0.14665941749188405
minimal118,both_within_exposed,internet_users_pct,0.003655323952464343,0.00018226984279467442,-0.00019861509708910327,-0.0007608028907107433,0.009609634085695536,0.0014150404543742806,1.0,0.0,0.0003572488918775619,positive,0.17295467258241934
minimal118,both_within_exposed,log_gdp_per_capita,0.007555066962879711,0.00024129195139066268,-0.00043408806612841395,-0.0014471539258546873,0.021860668580454466,0.0011155759757469005,1.0,0.0,0.00047293222472569884,positive,0.357474234813627
minimal118,both_within_exposed,wgi_government_effectiveness_score,0.003968753000991125,0.0001959905582980308,0.00022916608776237722,0.0015078437158438612,0.027137449421048305,0.0008974464543812811,1.0,0.0,0.00038414149426414037,positive,0.1877848269465003
minimal118,both_within_exposed,wgi_regulatory_quality_score,0.002855848861124241,0.0001383199584437229,0.00016757812648868965,-8.376819350463186e-05,0.013668069207358089,0.000939194099465668,1.0,0.0,0.0002711071185496969,positive,0.13512684816556939
minimal118,augmentation_within_exposed,goods_trade_openness,0.0009550413898388333,4.9694598400896924e-05,1.4898083357282606e-05,-2.2195322113484418e-05,0.0028892729140845906,0.00024783019681866276,1.0,0.0,9.740141286575796e-05,positive,0.04539675328841338
minimal118,augmentation_within_exposed,internet_users_pct,0.0051634173882965624,0.00010312344327340134,0.0004112013146972793,0.002581020464332141,0.007169492938817442,0.0006937404774874858,1.0,0.0,0.00020212194881586663,positive,0.24543688660567795
minimal118,augmentation_within_exposed,log_gdp_per_capita,0.006684111129141255,0.00020542284587020886,-0.00042419895144646077,0.0040340998043982305,0.024805516045678603,0.0009517547634136863,1.0,0.0,0.0004026287779056094,positive,0.3177212496865396
minimal118,augmentation_within_exposed,wgi_government_effectiveness_score,0.0033580661289783287,8.430555936371417e-05,0.00041502347352760747,0.0002076119721596184,0.0010301783665818314,0.0008120583932009095,0.8,0.2,0.00016523889635287978,positive,0.15962166792491814
minimal118,augmentation_within_exposed,wgi_regulatory_quality_score,0.004877022400930848,0.00012032194985520587,-0.0003495873647816403,0.0006587881221847857,0.017667718018767275,0.0004390572687814301,1.0,0.0,0.0002358310217162035,positive,0.23182344249445086
