spec,outcome,variable,permutation_importance_mean,permutation_importance_sd,baseline_r2_mean,baseline_r2_sd,permutation_importance_ci,permutation_importance_share_positive,median_ale_delta,ale_delta_sd,positive_ale_share,negative_ale_share,direction_flag
main68,share_exposed,log_gdp_per_capita,0.24637802416780313,0.03527791047451383,0.9280846409228215,0.0,0.0691447045300471,0.4530701475817334,0.11669089830437873,0.003078750142095181,1.0,0.0,positive
main68,share_exposed,pwt_human_capital_index,0.047049037415207655,0.008032928734908443,0.9280846409228215,0.0,0.01574454032042055,0.0865195440920022,0.04985074978021216,0.0023432999497419783,1.0,0.0,positive
main68,share_exposed,barro_lee_years_schooling_15_64,0.04818100100174817,0.009928627480068862,0.9280846409228215,0.0,0.01946010986093497,0.0886011376551593,0.035635456347828665,0.0032559867838502887,1.0,0.0,positive
main68,share_exposed,pwt_log_real_capital_stock_per_worker,0.002996588925511603,0.0006840965295881637,0.9280846409228215,0.0,0.001340829197992801,0.005510495472593982,-0.0013207156089524265,0.0005099746284611118,0.0,1.0,negative
main68,share_exposed,gross_fixed_capital_formation_pct_gdp,0.0016922039728452275,0.00031479278271653426,0.9280846409228215,0.0,0.0006169938541244072,0.0031118323409932355,0.00022152034195899867,0.0004445757759422317,0.8,0.2,positive
main68,share_exposed,wgi_government_effectiveness_score,0.05083379933107007,0.008936271919676808,0.9280846409228215,0.0,0.017515092962566543,0.09347942878778019,0.04675038046449469,0.0029690354518722806,1.0,0.0,positive
main68,share_exposed,wgi_regulatory_quality_score,0.0323110430975744,0.0070782620491013585,0.9280846409228215,0.0,0.013873393616238662,0.0594175114204477,0.03396499211267512,0.0017023947521150266,1.0,0.0,positive
main68,share_exposed,internet_users_pct,0.11256320759755406,0.01911398396765131,0.9280846409228215,0.0,0.037463408576596566,0.20699504044956013,0.06951218663873913,0.0028748000518555444,1.0,0.0,positive
main68,share_exposed,goods_trade_openness,0.001791734995138179,0.0004704514024368285,0.9280846409228215,0.0,0.0009220847487761838,0.003294862199729806,0.003826711492563627,0.0008933019434832797,1.0,0.0,positive
main68,substitution_share,log_gdp_per_capita,0.2103345335300558,0.031278364145919696,0.9336579708768719,0.0,0.061305593726002604,0.38645068033692886,0.04189191238029374,0.0007524227803486168,1.0,0.0,positive
main68,substitution_share,pwt_human_capital_index,0.03904566251599891,0.006511742400038239,0.9336579708768719,0.0,0.012763015104074947,0.07173916042349614,0.01846520517222297,0.0006409743293027292,1.0,0.0,positive
main68,substitution_share,barro_lee_years_schooling_15_64,0.06491004766309806,0.011954613725530002,0.9336579708768719,0.0,0.023431042902038804,0.11926016930796704,0.015835914317998568,0.0010411792497839933,1.0,0.0,positive
main68,substitution_share,pwt_log_real_capital_stock_per_worker,0.008556463182873765,0.0017139007349210567,0.9336579708768719,0.0,0.0033592454404452713,0.01572091355044627,-0.0031581474011580586,0.00024015026883524281,0.0,1.0,negative
main68,substitution_share,gross_fixed_capital_formation_pct_gdp,0.0030966992622340882,0.0007394039643734259,0.9336579708768719,0.0,0.0014492317701719146,0.005689610339322731,0.0014289560649081755,0.00015232873723749574,1.0,0.0,positive
main68,substitution_share,wgi_government_effectiveness_score,0.042629511083135965,0.009616911604210838,0.9336579708768719,0.0,0.018849146744253243,0.07832381722592623,0.016535936756934565,0.0009230973148289527,1.0,0.0,positive
main68,substitution_share,wgi_regulatory_quality_score,0.02626351395788518,0.006934350706968668,0.9336579708768719,0.0,0.013591327385658589,0.04825433402077473,0.012459512154604483,0.0005314623195994461,1.0,0.0,positive
main68,substitution_share,internet_users_pct,0.14668960938453798,0.02542720717298287,0.9336579708768719,0.0,0.04983732605904643,0.2695149407641735,0.028445542323818088,0.0003896474253490166,1.0,0.0,positive
main68,substitution_share,goods_trade_openness,0.0027466033360212428,0.0007886981681930646,0.9336579708768719,0.0,0.0015458484096584066,0.005046374030964415,0.0004861651001811518,0.0003958389041690802,0.8,0.2,positive
main68,both_share,log_gdp_per_capita,0.247618376160945,0.03739360728414387,0.9228377309790015,0.0,0.07329147027692198,0.44836817229636694,0.06033567802576404,0.0019948507877986443,1.0,0.0,positive
main68,both_share,pwt_human_capital_index,0.051169458099417336,0.008581374273237281,0.9228377309790015,0.0,0.01681949357554507,0.09265369057472185,0.023875962567417044,0.0008369255038227673,1.0,0.0,positive
main68,both_share,barro_lee_years_schooling_15_64,0.03622749216063193,0.007759813405577422,0.9228377309790015,0.0,0.015209234274931748,0.06559793622257598,0.015583209061680306,0.001755017079961121,1.0,0.0,positive
main68,both_share,pwt_log_real_capital_stock_per_worker,0.0017022555127289385,0.0007021993166473323,0.9228377309790015,0.0,0.0013763106606287713,0.0030823124069257538,-0.0017137705928131223,0.0002177192916318364,0.0,1.0,negative
main68,both_share,gross_fixed_capital_formation_pct_gdp,0.0009533123426650692,0.0002399764514062228,0.9228377309790015,0.0,0.00047035384475619665,0.0017261841359886966,-0.0003295218249780331,0.00018692010324371897,0.2,0.8,negative
main68,both_share,wgi_government_effectiveness_score,0.06667700527118163,0.010801765783959501,0.9228377309790015,0.0,0.02117146093656062,0.12073355560737328,0.027844724127259357,0.001988647668500889,1.0,0.0,positive
main68,both_share,wgi_regulatory_quality_score,0.039539170665538456,0.00831688435694782,0.9228377309790015,0.0,0.01630109333961773,0.07159446710004605,0.019565012275664352,0.0008393064075597669,1.0,0.0,positive
main68,both_share,internet_users_pct,0.10723910477761582,0.018912133869424676,0.9228377309790015,0.0,0.037067782384072365,0.19418026300514082,0.0340672144732602,0.0020356489363255164,1.0,0.0,positive
main68,both_share,goods_trade_openness,0.0011395554083365256,0.0003711435047870381,0.9228377309790015,0.0,0.0007274412693825947,0.0020634186508605126,0.002132614594172534,0.0005692029443244469,1.0,0.0,positive
main68,augmentation_share,log_gdp_per_capita,0.16093611061011764,0.026159913289757145,0.7837079729681755,0.0,0.05127343004792401,0.23517233399046358,0.012605260889500942,0.0004074160132258365,1.0,0.0,positive
main68,augmentation_share,pwt_human_capital_index,0.03998570656213202,0.01116012776088356,0.7837079729681755,0.0,0.021873850411331778,0.05843021744980089,0.004938222625053667,0.0003249771111512957,1.0,0.0,positive
main68,augmentation_share,barro_lee_years_schooling_15_64,0.027269285394886364,0.007447648671654798,0.7837079729681755,0.0,0.014597391396443404,0.039847996004473585,0.0026380041313837895,0.0002132480474574508,1.0,0.0,positive
main68,augmentation_share,pwt_log_real_capital_stock_per_worker,0.18098606345619722,0.03217363244123772,0.7837079729681755,0.0,0.06306031958482593,0.2644708810308743,0.005751275823710552,0.00030718125045909385,1.0,0.0,positive
main68,augmentation_share,gross_fixed_capital_formation_pct_gdp,0.026693255529841843,0.006791895808601525,0.7837079729681755,0.0,0.01331211578485899,0.0390062564638747,-0.001795704251982953,0.00020269808984436628,0.0,1.0,negative
main68,augmentation_share,wgi_government_effectiveness_score,0.05060718821165932,0.010539653241663938,0.7837079729681755,0.0,0.02065772035366132,0.07395115069770045,0.004458583967723117,0.00047158731310878514,1.0,0.0,positive
main68,augmentation_share,wgi_regulatory_quality_score,0.10632242552734372,0.020044435860157216,0.7837079729681755,0.0,0.03928709428590814,0.155366579147469,0.006625836867162413,0.0003236832515581821,1.0,0.0,positive
main68,augmentation_share,internet_users_pct,0.0801090254618563,0.01702465036937794,0.7837079729681755,0.0,0.03336831472398076,0.11706152472645773,0.005632872775897526,0.000588859229458618,1.0,0.0,positive
main68,augmentation_share,goods_trade_openness,0.011423606610842461,0.0034240002791074923,0.7837079729681755,0.0,0.006711040547050685,0.01669306048888581,0.0013571395824977389,0.00014913200884637725,1.0,0.0,positive
main68,substitution_within_exposed,log_gdp_per_capita,0.10875536326079688,0.01719019318284196,0.5631238488100059,0.0,0.03369277863837024,0.16649054141305492,-0.00921432775516037,0.0009714945355944686,0.0,1.0,negative
main68,substitution_within_exposed,pwt_human_capital_index,0.07717980161979833,0.012036271201107214,0.5631238488100059,0.0,0.02359109155417014,0.11815239793754925,-0.004506719348032298,0.0014534239012710364,0.0,1.0,negative
main68,substitution_within_exposed,barro_lee_years_schooling_15_64,0.04253533980887956,0.006917502227560347,0.5631238488100059,0.0,0.01355830436601828,0.06511616109438699,0.004286988107532206,0.0008401101497511045,1.0,0.0,positive
main68,substitution_within_exposed,pwt_log_real_capital_stock_per_worker,0.07012700819960224,0.012110707286098529,0.5631238488100059,0.0,0.023736986280753117,0.10735547390735616,-0.006451791643219233,0.0003616205415475377,0.0,1.0,negative
main68,substitution_within_exposed,gross_fixed_capital_formation_pct_gdp,0.02517271780007718,0.006242849051316724,0.5631238488100059,0.0,0.01223598414058078,0.03853620906329715,0.0041913500134693185,0.00016093379412547397,1.0,0.0,positive
main68,substitution_within_exposed,wgi_government_effectiveness_score,0.06556097139773967,0.011516271426845753,0.5631238488100059,0.0,0.022571891996617674,0.10036545597664447,-0.001987627131310708,0.0012761322244807846,0.2,0.8,negative
main68,substitution_within_exposed,wgi_regulatory_quality_score,0.14895247611257403,0.029243612649705514,0.5631238488100059,0.0,0.057317480793422804,0.2280271763088024,-0.013553708498433454,0.0011137239146631164,0.0,1.0,negative
main68,substitution_within_exposed,internet_users_pct,0.09590183817826549,0.014869950618425524,0.5631238488100059,0.0,0.029145103212114026,0.1468134396509542,-0.002099269941415585,0.0012204091580112792,0.0,1.0,negative
main68,substitution_within_exposed,goods_trade_openness,0.01903695702981073,0.004419848759906703,0.5631238488100059,0.0,0.008662903569417138,0.029143144647954596,-0.0028218280694754586,0.0006875217743257791,0.0,1.0,negative
main68,both_within_exposed,log_gdp_per_capita,0.167700789185492,0.025743512467992533,0.5755229348568558,0.0,0.05045728443726536,0.2424256731459152,-0.0013353428776379716,0.001236471808722701,0.2,0.8,negative
main68,both_within_exposed,pwt_human_capital_index,0.05692408738687039,0.009228398619823528,0.5755229348568558,0.0,0.018087661294854115,0.08228858236150029,-0.0012820537307245369,0.0004221233801795943,0.0,1.0,negative
main68,both_within_exposed,barro_lee_years_schooling_15_64,0.04825406756192118,0.00893037818698626,0.5755229348568558,0.0,0.01750354124649307,0.06975533548496399,-0.0018097604478416076,0.00030958208113464537,0.0,1.0,negative
main68,both_within_exposed,pwt_log_real_capital_stock_per_worker,0.18484580546088847,0.03904818648959082,0.5755229348568558,0.0,0.076534445519598,0.26721024411810856,-0.012405054850666824,0.0003500281094236582,0.0,1.0,negative
main68,both_within_exposed,gross_fixed_capital_formation_pct_gdp,0.015429162385051312,0.002557925482171487,0.5755229348568558,0.0,0.005013533945056115,0.022304159064728407,-0.000676455351830693,0.00014003093597579036,0.0,1.0,negative
main68,both_within_exposed,wgi_government_effectiveness_score,0.05136296357255816,0.0092734734514898,0.5755229348568558,0.0,0.018176007964920006,0.07424950758623947,-0.0004831740617767266,0.0003398108214014536,0.0,1.0,negative
main68,both_within_exposed,wgi_regulatory_quality_score,0.09116553531924247,0.019349427422237206,0.5755229348568558,0.0,0.03792487774758492,0.1317874911311809,0.0051139462269072355,0.0006627088945360761,1.0,0.0,positive
main68,both_within_exposed,internet_users_pct,0.05644130656411192,0.010122140998834189,0.5755229348568558,0.0,0.01983939635771501,0.08159068185365173,-0.0002824314982012531,0.00015867141050708564,0.0,1.0,negative
main68,both_within_exposed,goods_trade_openness,0.019637955365545638,0.004245419765024879,0.5755229348568558,0.0,0.008321022739448762,0.028388325253711426,0.001384503441360098,0.0005111003049775082,1.0,0.0,positive
main68,augmentation_within_exposed,log_gdp_per_capita,0.05473298638996574,0.009049329855617334,0.7239803635154282,0.0,0.017736686517009975,0.052468623886973376,0.006419049253012142,0.0004305615442906826,1.0,0.0,positive
main68,augmentation_within_exposed,pwt_human_capital_index,0.033790641230942435,0.006368100867670335,0.7239803635154282,0.0,0.012481477700633856,0.032392686067117475,0.003509660198167963,0.0004046680714073145,1.0,0.0,positive
main68,augmentation_within_exposed,barro_lee_years_schooling_15_64,0.021418351246330465,0.0034249926326131467,0.7239803635154282,0.0,0.006712985559921767,0.020532251023467386,0.0008332536273993813,0.00042977687866952417,1.0,0.0,positive
main68,augmentation_within_exposed,pwt_log_real_capital_stock_per_worker,0.6281949870168139,0.0936659476569737,0.7239803635154282,0.0,0.18358525740766846,0.6022058848868151,0.02134926479547192,0.00034188661328236387,1.0,0.0,positive
main68,augmentation_within_exposed,gross_fixed_capital_formation_pct_gdp,0.04480033848890155,0.011158838944450382,0.7239803635154282,0.0,0.02187132433112275,0.04294690031045361,-0.003984521920965015,0.0003634410015880871,0.0,1.0,negative
main68,augmentation_within_exposed,wgi_government_effectiveness_score,0.06164985611391515,0.010128381710400243,0.7239803635154282,0.0,0.019851628152384476,0.059099335272523305,0.0038461489708862422,0.0004577930959627366,1.0,0.0,positive
main68,augmentation_within_exposed,wgi_regulatory_quality_score,0.09694144683482527,0.01574651868071439,0.7239803635154282,0.0,0.0308631766142002,0.092930874935192,0.00611011675258872,0.0009288711335056931,1.0,0.0,positive
main68,augmentation_within_exposed,internet_users_pct,0.07322992496478624,0.011293105072265901,0.7239803635154282,0.0,0.022134485941641167,0.07020032422263477,0.0036133114588557695,0.0004856540911888785,1.0,0.0,positive
main68,augmentation_within_exposed,goods_trade_openness,0.0283979741214289,0.006188782136507791,0.7239803635154282,0.0,0.01213001298755527,0.02722311939482294,0.0027048459988754186,0.000335504207457871,1.0,0.0,positive
lean90,share_exposed,log_gdp_per_capita,0.22250529753529466,0.02284953735318727,0.9458992854426217,0.0,0.04478509321224705,0.385485795670425,0.13720904320639343,0.0026504560954665334,1.0,0.0,positive
lean90,share_exposed,barro_lee_years_schooling_15_64,0.0538888161654661,0.006186442816208991,0.9458992854426217,0.0,0.012125427919769623,0.09336125210226424,0.0665244644667053,0.0028759594419431995,1.0,0.0,positive
lean90,share_exposed,wgi_government_effectiveness_score,0.07491456626076473,0.009288735083703205,0.9458992854426217,0.0,0.018205920764058282,0.12978792640995365,0.0762616180675421,0.0017503417840896303,1.0,0.0,positive
lean90,share_exposed,wgi_regulatory_quality_score,0.03792769457884712,0.005623911349256107,0.9458992854426217,0.0,0.01102286624454197,0.06570894124600594,0.046706219848591767,0.003204669287743704,1.0,0.0,positive
lean90,share_exposed,internet_users_pct,0.18569649147469827,0.018330248968345453,0.9458992854426217,0.0,0.035927287977957086,0.32171530548829075,0.10415108424722708,0.0029513955457006725,1.0,0.0,positive
lean90,share_exposed,goods_trade_openness,0.0022746472950377927,0.00032276183608435596,0.9458992854426217,0.0,0.0006326131987253377,0.0039407790830604155,0.0024282257216035183,0.0012417248104996841,1.0,0.0,positive
lean90,substitution_share,log_gdp_per_capita,0.19061972695271318,0.01927003553136562,0.9381210161829628,0.0,0.037769269641476616,0.33066366006690356,0.04526107215843159,0.000944141707485004,1.0,0.0,positive
lean90,substitution_share,barro_lee_years_schooling_15_64,0.06193687197937517,0.007137092690706736,0.9381210161829628,0.0,0.013988701673785202,0.10744046856638272,0.026202807896694647,0.0007651987945033917,1.0,0.0,positive
lean90,substitution_share,wgi_government_effectiveness_score,0.05074980052499031,0.007151960933938533,0.9381210161829628,0.0,0.014017843430519525,0.08803451278377623,0.02351286429648032,0.00052249918224402,1.0,0.0,positive
lean90,substitution_share,wgi_regulatory_quality_score,0.035573182284310924,0.005867617812382955,0.9381210161829628,0.0,0.01150053091227059,0.0617079818673508,0.014794399848873915,0.0009572027001814922,1.0,0.0,positive
lean90,substitution_share,internet_users_pct,0.2343588157631952,0.023414500456340078,0.9381210161829628,0.0,0.04589242089442655,0.40653685233966946,0.040711406634821694,0.0014273195207566381,1.0,0.0,positive
lean90,substitution_share,goods_trade_openness,0.003237792573710574,0.0009472486687251188,0.9381210161829628,0.0,0.0018566073907012328,0.005616524375917115,-0.00038370450080128034,0.000194167989900816,0.0,1.0,negative
lean90,both_share,log_gdp_per_capita,0.20753586948074712,0.021246392871794507,0.9454015238304043,0.0,0.04164293002871723,0.3560027733414023,0.07061748163919275,0.0011267723977164267,1.0,0.0,positive
lean90,both_share,barro_lee_years_schooling_15_64,0.05016400661567786,0.006149075283920404,0.9454015238304043,0.0,0.012052187556483991,0.08605030793847657,0.03367437701098695,0.0015796840661301051,1.0,0.0,positive
lean90,both_share,wgi_government_effectiveness_score,0.09949666749582979,0.011815933197308942,0.9454015238304043,0.0,0.023159229066725528,0.17067454245555724,0.04564809259900835,0.0014708814278585473,1.0,0.0,positive
lean90,both_share,wgi_regulatory_quality_score,0.044194504913995354,0.006335976305929474,0.9454015238304043,0.0,0.012418513559621768,0.07581034717129775,0.026628462475059247,0.001532983558590085,1.0,0.0,positive
lean90,both_share,internet_users_pct,0.1795026652404379,0.016917252136504468,0.9454015238304043,0.0,0.033157814187548755,0.3079151898303415,0.056515021461458,0.0022882002589410208,1.0,0.0,positive
lean90,both_share,goods_trade_openness,0.002067670325797115,0.00029489027947020627,0.9454015238304043,0.0,0.0005779849477616043,0.0035468392629245263,0.002063515484536534,0.00038358636498951186,1.0,0.0,positive
lean90,augmentation_share,log_gdp_per_capita,0.24679649405945497,0.04191128055292975,0.8022766126240408,0.0,0.08214610988374231,0.41553297493889335,0.01792176828461985,0.0003054299201229677,1.0,0.0,positive
lean90,augmentation_share,barro_lee_years_schooling_15_64,0.05533783813731152,0.013391132077513853,0.8022766126240408,0.0,0.02624661887192715,0.09317270326516236,0.0067776476181070746,0.00035665373342157707,1.0,0.0,positive
lean90,augmentation_share,wgi_government_effectiveness_score,0.07013901448010346,0.012989932741502586,0.8022766126240408,0.0,0.02546026817334507,0.1180935469009469,0.005910668528654519,0.0004743464339767367,1.0,0.0,positive
lean90,augmentation_share,wgi_regulatory_quality_score,0.10730661467262471,0.01689733439275727,0.8022766126240408,0.0,0.03311877540980425,0.18067289405981332,0.008891825004360471,0.0005192521476070428,1.0,0.0,positive
lean90,augmentation_share,internet_users_pct,0.09541221497893716,0.01663601566253843,0.8022766126240408,0.0,0.03260659069857533,0.1606462105014984,0.005420021830880906,0.00021808425141331633,1.0,0.0,positive
lean90,augmentation_share,goods_trade_openness,0.01893540329565908,0.004462984630861959,0.8022766126240408,0.0,0.00874744987648944,0.031881670333685615,0.001335274419149997,0.00017713857237500695,1.0,0.0,positive
lean90,substitution_within_exposed,log_gdp_per_capita,0.22154966339320292,0.02923417641045532,0.7049731330695275,0.0,0.057298985764492424,0.3333659999232298,-0.03094022706490778,0.0012888121788734528,0.0,1.0,negative
lean90,substitution_within_exposed,barro_lee_years_schooling_15_64,0.07968731890143602,0.012887339016922982,0.7049731330695275,0.0,0.025259184473169043,0.11990558839004545,-0.014644472397427288,0.0010748212151799877,0.0,1.0,negative
lean90,substitution_within_exposed,wgi_government_effectiveness_score,0.16320945764308836,0.03083825579927582,0.7049731330695275,0.0,0.060442981366580606,0.24558143402616162,-0.021752909596042338,0.0012349664342953663,0.0,1.0,negative
lean90,substitution_within_exposed,wgi_regulatory_quality_score,0.06662394322162384,0.01253193824278415,0.7049731330695275,0.0,0.024562598955856933,0.10024911394916847,-0.009690589479529901,0.00043784039590048475,0.0,1.0,negative
lean90,substitution_within_exposed,internet_users_pct,0.11303007799373559,0.015885031884346958,0.7049731330695275,0.0,0.031134662493320038,0.170076471318793,-0.006345704682484184,0.001156849489385228,0.0,1.0,negative
lean90,substitution_within_exposed,goods_trade_openness,0.02048339996119368,0.003923655251119754,0.7049731330695275,0.0,0.007690364292194718,0.030821392392601905,-0.002094009000134615,0.0004639145065153257,0.0,1.0,negative
lean90,both_within_exposed,log_gdp_per_capita,0.2823514219353445,0.03542015695940218,0.6472873088202813,0.0,0.06942350764042826,0.37616936250756183,0.014415678488859949,0.0011825105967248058,1.0,0.0,positive
lean90,both_within_exposed,barro_lee_years_schooling_15_64,0.12780389330530173,0.017845638466932545,0.6472873088202813,0.0,0.034977451395187785,0.17026976078643116,0.006464529157335425,0.0003270752512851181,1.0,0.0,positive
lean90,both_within_exposed,wgi_government_effectiveness_score,0.12096334787096266,0.021600280091570803,0.6472873088202813,0.0,0.04233654897947877,0.1611562822793933,0.010658540087213907,0.0004155097377427669,1.0,0.0,positive
lean90,both_within_exposed,wgi_regulatory_quality_score,0.07839710028618169,0.01023092902121632,0.6472873088202813,0.0,0.020052620881583987,0.10444639178706666,0.0033307654530435843,0.0006760412590798646,1.0,0.0,positive
lean90,both_within_exposed,internet_users_pct,0.09391573759872422,0.013096952773748057,0.6472873088202813,0.0,0.025670027436546193,0.1251214635286283,0.007842170016218883,0.0006588917234401092,1.0,0.0,positive
lean90,both_within_exposed,goods_trade_openness,0.047165038958725786,0.007284347164187153,0.6472873088202813,0.0,0.014277320441806818,0.06283673911091879,-0.0022702478296235695,0.0003125656291301938,0.0,1.0,negative
lean90,augmentation_within_exposed,log_gdp_per_capita,0.1780259354058958,0.03745186240634876,0.5913410398248367,0.0,0.07340565031644357,0.2638570877162122,0.01910689292690588,0.00039603807009503316,1.0,0.0,positive
lean90,augmentation_within_exposed,barro_lee_years_schooling_15_64,0.0714331186902454,0.012948649137722144,0.5913410398248367,0.0,0.0253793523099354,0.10587297081810738,0.005522880200655293,0.0009444351746648815,1.0,0.0,positive
lean90,augmentation_within_exposed,wgi_government_effectiveness_score,0.12349357540151615,0.0215954748239147,0.5913410398248367,0.0,0.04232713065487281,0.18303319166847293,0.01037136471372793,0.000723649919169879,1.0,0.0,positive
lean90,augmentation_within_exposed,wgi_regulatory_quality_score,0.15559145222468315,0.021514912939850608,0.5913410398248367,0.0,0.04216922936210719,0.23060632915051907,0.011920330848837164,0.0009251523170103822,1.0,0.0,positive
lean90,augmentation_within_exposed,internet_users_pct,0.10847730432966239,0.016410415438442003,0.5913410398248367,0.0,0.032164414259346324,0.16077716731818426,-0.0015966435420023796,0.000804825320910403,0.0,1.0,negative
lean90,augmentation_within_exposed,goods_trade_openness,0.037684519886628284,0.005861092507724394,0.5913410398248367,0.0,0.011487741315139811,0.05585325332850418,0.003860011772611871,0.0006922423523997551,1.0,0.0,positive
minimal118,share_exposed,log_gdp_per_capita,0.35903546100280187,0.030535550788521812,0.9465281297299002,0.0,0.05984967954550275,0.5303409205723806,0.17816647760897567,0.004482221722978009,1.0,0.0,positive
minimal118,share_exposed,wgi_government_effectiveness_score,0.08100322125056363,0.010206009550278687,0.9465281297299002,0.0,0.020003778718546226,0.1196520332765038,0.08374253364677843,0.0031727263686826108,1.0,0.0,positive
minimal118,share_exposed,wgi_regulatory_quality_score,0.04119205434269812,0.007141428040850984,0.9465281297299002,0.0,0.013997198960067929,0.060845889593628646,0.05674600117110795,0.0024534810479860734,1.0,0.0,positive
minimal118,share_exposed,internet_users_pct,0.1914572203085918,0.02063114220323909,0.9465281297299002,0.0,0.04043703871834862,0.2828066012897129,0.1297742904057979,0.002362796597364607,1.0,0.0,positive
minimal118,share_exposed,goods_trade_openness,0.004301969905642313,0.000784700745120476,0.9465281297299002,0.0,0.001538013460436133,0.0063545552677740005,0.0003299072327083506,0.0002524737282797565,0.8,0.2,positive
minimal118,substitution_share,log_gdp_per_capita,0.29166634186778273,0.02483948679425354,0.9359699332485273,0.0,0.04868539411673693,0.4339268567986348,0.058155802289586424,0.0007578830056228661,1.0,0.0,positive
minimal118,substitution_share,wgi_government_effectiveness_score,0.06634542709889303,0.008115581707450104,0.9359699332485273,0.0,0.015906540146602203,0.0987054675545531,0.028144620050613193,0.0007773775557226553,1.0,0.0,positive
minimal118,substitution_share,wgi_regulatory_quality_score,0.04119640524195423,0.006804621487187796,0.9359699332485273,0.0,0.013337058114888079,0.06128998815416144,0.0173216882270965,0.001016737821968042,1.0,0.0,positive
minimal118,substitution_share,internet_users_pct,0.26713563792227357,0.02696289066036021,0.9359699332485273,0.0,0.05284726569430601,0.3974312804151315,0.05058000469767676,0.0008589588142159692,1.0,0.0,positive
minimal118,substitution_share,goods_trade_openness,0.0058117304404829455,0.0011331234942321615,0.9359699332485273,0.0,0.0022209220486950365,0.008646407077519127,-0.0014524433258109113,0.00031885637027339995,0.0,1.0,negative
minimal118,both_share,log_gdp_per_capita,0.3402616579896698,0.029768913221048205,0.9461500766955399,0.0,0.05834706991325448,0.5010007838734213,0.09312278139774616,0.002481473308288243,1.0,0.0,positive
minimal118,both_share,wgi_government_effectiveness_score,0.10230558699693526,0.012147347365180701,0.9461500766955399,0.0,0.023808800835754172,0.150634601567865,0.05006156606882868,0.0014000659358958524,1.0,0.0,positive
minimal118,both_share,wgi_regulatory_quality_score,0.04319897389650278,0.007363954838595743,0.9461500766955399,0.0,0.014433351483647655,0.06360610805385666,0.03221148454037187,0.0010304043793556677,1.0,0.0,positive
minimal118,both_share,internet_users_pct,0.18790858053431478,0.019610370184016915,0.9461500766955399,0.0,0.038436325560673154,0.2766763281541752,0.06928651391674583,0.0013376477643078446,1.0,0.0,positive
minimal118,both_share,goods_trade_openness,0.005489123958069575,0.0011580550594135445,0.9461500766955399,0.0,0.002269787916450547,0.008082178350681889,-5.111788869899736e-05,0.00040051713103409284,0.4,0.6,mixed
minimal118,augmentation_share,log_gdp_per_capita,0.3346891398865653,0.03971475330774539,0.819588897770464,0.0,0.07784091648318096,0.47725211949102725,0.022941816097571566,0.000700083745343485,1.0,0.0,positive
minimal118,augmentation_share,wgi_government_effectiveness_score,0.07366307165187815,0.010295314630812555,0.819588897770464,0.0,0.020178816676392607,0.10504032812655191,0.0025270228750854332,0.0004515229226024383,1.0,0.0,positive
minimal118,augmentation_share,wgi_regulatory_quality_score,0.1389950088120551,0.021608020954412305,0.819588897770464,0.0,0.042351721070648114,0.1982008217437535,0.011621233553024177,0.0006166134578409168,1.0,0.0,positive
minimal118,augmentation_share,internet_users_pct,0.1311520572065586,0.020538799089569612,0.819588897770464,0.0,0.04025604621555644,0.18701711474310992,0.010268618688502896,0.0003613409304863479,1.0,0.0,positive
minimal118,augmentation_share,goods_trade_openness,0.022784438570803367,0.0053899460695767286,0.819588897770464,0.0,0.010564294296370388,0.032489615895557496,0.0018296481027495347,6.771147796531114e-05,1.0,0.0,positive
minimal118,substitution_within_exposed,log_gdp_per_capita,0.25892204431807647,0.03894055011195124,0.7892983953697457,0.0,0.07632347821942442,0.3392115152967519,-0.043758117091332836,0.001546504182914154,0.0,1.0,negative
minimal118,substitution_within_exposed,wgi_government_effectiveness_score,0.20660214384904382,0.025356815170292906,0.7892983953697457,0.0,0.0496993577337741,0.270667669348766,-0.029554425867558288,0.001034464008465483,0.0,1.0,negative
minimal118,substitution_within_exposed,wgi_regulatory_quality_score,0.09796766033070348,0.019492468295452894,0.7892983953697457,0.0,0.03820523785908767,0.12834657859425594,-0.024311091117725756,0.0009032672503660337,0.0,1.0,negative
minimal118,substitution_within_exposed,internet_users_pct,0.15443232136136073,0.026001583508178855,0.7892983953697457,0.0,0.050963103676030554,0.20232043925710996,-0.018624498649253217,0.0008028674925630568,0.0,1.0,negative
minimal118,substitution_within_exposed,goods_trade_openness,0.0453814157178973,0.006488126315941369,0.7892983953697457,0.0,0.012716727579245083,0.05945379750311612,-0.00256252214712093,0.000635761323998628,0.0,1.0,negative
minimal118,both_within_exposed,log_gdp_per_capita,0.3351950138596034,0.04129157624518266,0.6772203557337461,0.0,0.08093148944055802,0.40759122017792193,0.021860668580454466,0.0011155759757469005,1.0,0.0,positive
minimal118,both_within_exposed,wgi_government_effectiveness_score,0.15494425109202226,0.023891914554529495,0.6772203557337461,0.0,0.04682815252687781,0.18840947433843308,0.027137449421048305,0.0008974464543812811,1.0,0.0,positive
minimal118,both_within_exposed,wgi_regulatory_quality_score,0.09645134092161728,0.016736837771318132,0.6772203557337461,0.0,0.03280420203178354,0.11728312805543366,0.013668069207358089,0.000939194099465668,1.0,0.0,positive
minimal118,both_within_exposed,internet_users_pct,0.13733907046247712,0.01926442542739414,0.6772203557337461,0.0,0.037758273837692514,0.16700188544973152,0.009609634085695536,0.0014150404543742806,1.0,0.0,positive
minimal118,both_within_exposed,goods_trade_openness,0.09845068238075065,0.017409283919329534,0.6772203557337461,0.0,0.034122196481885886,0.11971429197847998,-0.0045913118919389375,0.000644664706849477,0.0,1.0,negative
minimal118,augmentation_within_exposed,log_gdp_per_capita,0.23315971731439017,0.03665447822441177,0.6673733198352303,0.0,0.07184277731984708,0.3017773867600316,0.024805516045678603,0.0009517547634136863,1.0,0.0,positive
minimal118,augmentation_within_exposed,wgi_government_effectiveness_score,0.1455933827994185,0.017458560094345866,0.6673733198352303,0.0,0.03421877778491789,0.1884407439537145,0.0010301783665818314,0.0008120583932009095,0.8,0.2,positive
minimal118,augmentation_within_exposed,wgi_regulatory_quality_score,0.20608134695497538,0.030430873165678433,0.6673733198352303,0.0,0.059644511404729726,0.26672999547431503,0.017667718018767275,0.0004390572687814301,1.0,0.0,positive
minimal118,augmentation_within_exposed,internet_users_pct,0.14281463780737905,0.025953031518051443,0.6673733198352303,0.0,0.05086794177538083,0.18484422903325984,0.007169492938817442,0.0006937404774874858,1.0,0.0,positive
minimal118,augmentation_within_exposed,goods_trade_openness,0.044972481695340585,0.006914707832392379,0.6673733198352303,0.0,0.013552827351489062,0.05820764477867901,0.0028892729140845906,0.00024783019681866276,1.0,0.0,positive
